Family_No,g_score,gf_score,gc_score,g_score_family,gf_score_family,gc_score_family,Age,Gender,Handedness,FD_mean,Spikes_mean
229,-2.37967963845675,-2.0746703864417,-1.63080980204528,-2.37967963845675,-2.0746703864417,-1.63080980204528,35,1,-55,0.0964803266744651,0.388888888888889
379,-2.36329985027462,-1.75500578249328,-1.76396290325471,-2.36329985027462,-1.75500578249328,-1.76396290325471,32,1,-100,0.0797227773766061,3.5
58,-2.02281015582041,-1.89242351230431,-1.01153452426474,-2.02281015582041,-1.89242351230431,-1.01153452426474,35,0,80,0.0643091014076185,1.33333333333333
353,-1.85057818972951,-1.29753997228325,-1.16813738311747,-1.85057818972951,-1.29753997228325,-1.16813738311747,32,0,100,0.0823255967629387,2.94444444444444
272,-1.62220638793127,-0.255482874233439,-1.76318933398864,-1.8426061724349,-0.995567218105915,-1.59509648952687,22,0,70,0.111317425792178,0.222222222222222
272,-1.90330327288212,-1.09978940606216,-1.87418125194455,-1.8426061724349,-0.995567218105915,-1.59509648952687,30,0,90,0.0529451371431141,8.66666666666667
272,-1.98125115891195,-1.28206330815857,-0.840658217734915,-1.8426061724349,-0.995567218105915,-1.59509648952687,28,0,-45,0.10053783525691,4.5
272,-1.86366387001426,-1.34493328396949,-1.90235715443938,-1.8426061724349,-0.995567218105915,-1.59509648952687,35,1,70,0.100172320087347,18.2777777777778
280,-1.62311687967978,-1.54033400840747,-1.34177071044931,-1.62311687967978,-1.54033400840747,-1.34177071044931,27,0,100,0.0715555673599469,0.5
208,-1.53176740713623,-1.14892929228538,-1.12965170713796,-1.53176740713623,-1.14892929228538,-1.12965170713796,34,0,85,0.0804751870144399,9.22222222222222
116,-0.744109846942171,-0.635296221987573,-1.13888362580874,-1.44241271103062,-1.24805654180858,-1.63415812961684,22,0,40,0.0810733084339846,6.11111111111111
116,-2.14071557511906,-1.86081686162958,-2.12943263342494,-1.44241271103062,-1.24805654180858,-1.63415812961684,24,0,100,0.104491992545952,0.388888888888889
383,-1.43159423906593,-0.874633472308469,-0.473927570403956,-1.43159423906593,-0.874633472308469,-0.473927570403956,29,0,100,0.0983583161207683,4.27777777777778
54,-1.83493143012653,-1.47415158660891,-2.15514409660397,-1.41930161936812,-0.648819325230176,-1.46951571185125,22,1,100,0.0955218922331758,5.11111111111111
54,-1.67431520854794,-0.336296410019506,-1.63353189963157,-1.41930161936812,-0.648819325230176,-1.46951571185125,27,0,80,0.110806855080108,2
54,-1.36948443319499,-0.507716523244435,-1.26430186469204,-1.41930161936812,-0.648819325230176,-1.46951571185125,26,1,70,0.107959444440757,21.7777777777778
54,-0.79847540560302,-0.277112781047853,-0.825084986477415,-1.41930161936812,-0.648819325230176,-1.46951571185125,28,1,100,0.0996215662573579,1.66666666666667
77,-1.64990541888224,-0.714763116965991,-0.727879256298051,-1.38996761571326,-0.707282738296897,-0.648197858155746,32,1,90,0.145209605023608,0.333333333333333
77,-1.74946279385282,-1.65181413248006,-0.358493745033936,-1.38996761571326,-0.707282738296897,-0.648197858155746,24,1,55,0.0787910642179179,0
77,-0.770534634404713,0.244729034555361,-0.858220573135252,-1.38996761571326,-0.707282738296897,-0.648197858155746,32,1,-65,0.0544683218302422,2.55555555555556
377,-1.30723296791924,-1.14705098003151,-1.233407981749,-1.30723296791924,-1.14705098003151,-1.233407981749,29,0,90,0.0694093658056451,5.38888888888889
234,-1.28116343492397,-1.27517811135359,-0.753785143347752,-1.28116343492397,-1.27517811135359,-0.753785143347752,27,1,80,0.10087572440739,0.555555555555556
68,-1.17296782881739,-1.80879981377468,-0.383045515206198,-1.17296782881739,-1.80879981377468,-0.383045515206198,23,0,35,0.0605582990693243,6.16666666666667
194,-0.336145418105022,-0.289961049131316,-0.182839812649115,-1.12943194876647,-0.784296352611493,-0.579734977915185,27,0,100,0.0616542776643407,4.22222222222222
194,-1.92271847942791,-1.27863165609167,-0.976630143181256,-1.12943194876647,-0.784296352611493,-0.579734977915185,26,1,-75,0.11390675536003,14.1111111111111
291,-1.12305481599664,-0.503707763044572,-1.1543740743163,-1.12305481599664,-0.503707763044572,-1.1543740743163,27,0,55,0.0693779693951819,0
263,-1.09999548807066,-1.28418655772167,-0.781918956046153,-1.09999548807066,-1.28418655772167,-0.781918956046153,32,0,-10,0.0975982835310931,4.94444444444444
366,-0.825978692215856,-1.13273771834027,-0.138481838774661,-1.0629563278987,-1.08507809620255,-0.126582218147041,26,0,100,0.0867290411374492,0.555555555555556
366,-1.29993396358154,-1.03741847406482,-0.11468259751942,-1.0629563278987,-1.08507809620255,-0.126582218147041,29,0,100,0.0760046828743906,1.77777777777778
4,-1.04504438116085,-1.31381151777412,-1.21413032695705,-1.04504438116085,-1.31381151777412,-1.21413032695705,24,0,90,0.0827007756994642,11.7777777777778
111,-1.02349263404469,-1.08820623560736,-0.283061540170435,-1.02349263404469,-1.08820623560736,-0.283061540170435,27,1,60,0.0916268432455607,1.77777777777778
163,-1.91893238838924,-1.42369120770084,-0.768064610264292,-1.01576481498794,-1.35165142989766,-0.303663690581054,29,0,100,0.0870081593831391,1.11111111111111
163,-0.112597241586635,-1.27961165209449,0.160737229102184,-1.01576481498794,-1.35165142989766,-0.303663690581054,26,0,70,0.068475112561493,4.5
359,-1.01498025067127,-0.539413921902087,-0.0056333829795605,-1.01498025067127,-0.539413921902087,-0.0056333829795605,32,1,65,0.0663155848676333,1.05555555555556
37,-0.482656408535016,0.0960801385805943,-1.40137982085268,-1.01047049018522,-0.689395702453078,-1.56648818620946,23,0,80,0.0769337835465744,3.44444444444444
37,-1.53828457183542,-1.47487154348675,-1.73159655156625,-1.01047049018522,-0.689395702453078,-1.56648818620946,25,0,-100,0.0853743457337193,0.166666666666667
334,-0.995248914252878,-0.692263126103945,0.287501112011598,-0.995248914252878,-0.692263126103945,0.287501112011598,35,0,100,0.0683987200008527,25.2777777777778
60,-0.954079061386555,-0.595673650704773,-1.0798063086989,-0.954079061386555,-0.595673650704773,-1.0798063086989,26,0,90,0.105865258039048,7.38888888888889
200,-0.785036902097396,-0.954408163968575,-1.48918706848915,-0.946889061952064,-0.851665549104141,-0.950283910995276,29,0,100,0.0830204937794168,2.77777777777778
200,-1.54331152182253,-1.22325249197092,-1.01517074885194,-0.946889061952064,-0.851665549104141,-0.950283910995276,31,0,100,0.0934885246282247,0.555555555555556
200,-0.512318761936265,-0.377335991372929,-0.346493915644739,-0.946889061952064,-0.851665549104141,-0.950283910995276,33,0,70,0.062719931941637,2.5
304,-1.73312321455264,-1.51397432796798,-1.07950067291401,-0.944996173448216,-0.968645024355758,-1.0018217724689,33,1,70,0.0749983138347531,0
304,-0.156869132343792,-0.423315720743537,-0.924142872023786,-0.944996173448216,-0.968645024355758,-1.0018217724689,31,0,100,0.110924827087871,2.22222222222222
367,-0.943287010167473,-0.399586784061617,-0.931786225601211,-0.943287010167473,-0.399586784061617,-0.931786225601211,25,1,100,0.0833278576996173,24.1666666666667
306,-0.720152602686733,-0.0018455014131942,-0.643139374680812,-0.934232581574532,-0.271789626108754,-0.708910782719061,36,0,75,0.0515652545884991,1.38888888888889
306,-1.14831256046233,-0.541733750804313,-0.77468219075731,-0.934232581574532,-0.271789626108754,-0.708910782719061,32,1,80,0.0802132318232829,0.333333333333333
153,-0.890889111368366,-0.329367015954958,-0.976245522453301,-0.890889111368366,-0.329367015954958,-0.976245522453301,34,1,80,0.123245761081165,0.222222222222222
11,-0.78209720822578,-0.317651273403678,-1.61638348956737,-0.839146105731538,-0.0438665371229677,-1.21822427353216,30,0,100,0.125782682131053,5.72222222222222
11,-1.83641643665926,-0.44564492874953,-1.49025423928052,-0.839146105731538,-0.0438665371229677,-1.21822427353216,26,0,90,0.0934507923483919,12.1111111111111
11,0.101075327690427,0.631696590784305,-0.548035091748575,-0.839146105731538,-0.0438665371229677,-1.21822427353216,25,0,100,0.104191023927838,2
326,-0.834058442952331,-0.847979473100449,-0.0417192773682597,-0.834058442952331,-0.847979473100449,-0.0417192773682597,31,0,85,0.0669464954827044,0.777777777777778
212,-0.807087211071308,0.0285519166004432,-0.688768635375191,-0.807087211071308,0.0285519166004432,-0.688768635375191,31,1,60,0.0779537246189441,3.11111111111111
53,-1.1003892830662,-0.756140843449586,-0.924757698063275,-0.753578853011339,-0.326759968021746,-1.02528061438582,23,0,80,0.11603310030941,1.94444444444444
53,-0.406768422956478,0.102620907406094,-1.12580353070837,-0.753578853011339,-0.326759968021746,-1.02528061438582,28,0,80,0.066398469279185,0.277777777777778
302,-0.741961537811957,-0.983477867309603,-0.737597438138297,-0.741961537811957,-0.983477867309603,-0.737597438138297,27,1,100,0.10475284518063,6.33333333333333
245,-0.919577865112753,-0.0207112157545003,-0.955223071474229,-0.731177268250489,0.0772995855071918,-0.877533152424527,31,0,20,0.117755398644176,4.77777777777778
245,-0.542776671388225,0.175310386768884,-0.799843233374825,-0.731177268250489,0.0772995855071918,-0.877533152424527,31,0,100,0.0588052003107393,2.66666666666667
119,-0.675986062926426,0.452842476027867,-1.62849994913571,-0.709536137953966,-0.0655921603241745,-1.26732203829122,23,0,-90,0.070295435376818,1.94444444444444
119,-0.743086212981505,-0.584026796676216,-0.906144127446734,-0.709536137953966,-0.0655921603241745,-1.26732203829122,33,1,55,0.0608734604158442,27.7222222222222
382,-0.697915091793116,-0.455192960579038,-1.34498385492724,-0.697915091793116,-0.455192960579038,-1.34498385492724,29,0,95,0.0841540474856013,2.22222222222222
29,-0.31218040806807,0.425347108888643,-0.319784588055147,-0.659780071461529,-0.209825009974635,-0.231622972139541,32,0,80,0.06022481493065,1.61111111111111
29,-1.73932572267423,-1.55883339788922,-0.89969817712599,-0.659780071461529,-0.209825009974635,-0.231622972139541,28,0,80,0.0494565715541834,0.166666666666667
29,-0.984618789472882,-0.0835143634455417,-0.675747135332047,-0.659780071461529,-0.209825009974635,-0.231622972139541,29,1,75,0.101187538535797,7.55555555555556
29,0.397004634369068,0.377700612547578,0.968738011955021,-0.659780071461529,-0.209825009974635,-0.231622972139541,28,1,85,0.0683550750899694,0.555555555555556
66,-0.646009850665579,-0.216480854161096,-0.847039572614478,-0.646009850665579,-0.216480854161096,-0.847039572614478,25,0,80,0.0921657986498545,30.3888888888889
80,0.113473740135226,1.3314753013893,-0.334545041089118,-0.645854356773502,0.336735791490632,-1.09478998896568,28,0,50,0.101908921747668,4.27777777777778
80,-1.40518245368223,-0.658003718408036,-1.85503493684225,-0.645854356773502,0.336735791490632,-1.09478998896568,27,1,80,0.0996587088427436,3.44444444444444
142,-1.03977655425219,-0.75778422947037,0.33852137005324,-0.640138956613754,-0.65812563904813,0.24109803381112,28,1,70,0.0842306558355427,0.555555555555556
142,-0.270203060490613,0.0567810766545937,0.0725930129722572,-0.640138956613754,-0.65812563904813,0.24109803381112,23,0,100,0.0974772791154934,22.8333333333333
142,-0.380194918613787,-0.709498804382622,0.277535815294892,-0.640138956613754,-0.65812563904813,0.24109803381112,27,1,-95,0.0977721133362909,9.38888888888889
142,-0.870381293098424,-1.22200059899412,0.27574193692409,-0.640138956613754,-0.65812563904813,0.24109803381112,26,1,-75,0.0784819856158322,5.22222222222222
254,-0.636123240809406,-0.675146043826714,-0.623112053434001,-0.636123240809406,-0.675146043826714,-0.623112053434001,31,1,60,0.0542691186494613,3.55555555555556
252,-0.37055496161985,-0.144760812484507,-0.48321694871426,-0.609368365992375,-0.373747230674382,-0.394366000387949,35,0,-70,0.112078776536895,0.666666666666667
252,-0.848181770364899,-0.602733648864258,-0.305515052061638,-0.609368365992375,-0.373747230674382,-0.394366000387949,31,0,90,0.0969692441047795,8.33333333333333
78,-0.0178731562503514,0.387777533188418,-0.747289997430578,-0.605970636289023,0.193527468938111,-1.33027529370056,33,0,-50,0.127467116281679,0.166666666666667
78,-1.63083993491105,-0.267821836162347,-2.03163438197976,-0.605970636289023,0.193527468938111,-1.33027529370056,28,0,80,0.126078648579675,0.5
78,-0.169198817705667,0.460626709788261,-1.21190150169134,-0.605970636289023,0.193527468938111,-1.33027529370056,29,1,55,0.0899262047932505,0.0555555555555555
332,-0.572315636513643,-0.260489571423324,-1.28989606741023,-0.572315636513643,-0.260489571423324,-1.28989606741023,32,0,80,0.126486033001152,11.7777777777778
347,-0.559744383052077,-0.462229186117128,0.0853234379646848,-0.559744383052077,-0.462229186117128,0.0853234379646848,27,0,85,0.0632669966740285,0.277777777777778
49,-0.55866814498469,-0.446822443419324,0.137402091276367,-0.55866814498469,-0.446822443419324,0.137402091276367,31,1,80,0.0971068440311509,13.3333333333333
250,-0.662586262221777,-0.458625616894773,-0.358075091342949,-0.548318486074334,-0.852469123148506,0.170452891995885,28,1,70,0.0911865747283733,0.611111111111111
250,-0.434050709926891,-1.24631262940224,0.698980875334719,-0.548318486074334,-0.852469123148506,0.170452891995885,23,1,60,0.090206817562574,11.9444444444444
369,-0.822532902417158,-0.693096152038206,-0.106575968103927,-0.541010571756397,-0.732949204937676,0.174566415376107,32,1,70,0.123906986929534,26.5555555555556
369,-0.259488241095636,-0.772802257837147,0.45570879885614,-0.541010571756397,-0.732949204937676,0.174566415376107,34,1,90,0.052523993444354,5.55555555555556
126,-0.890394996221805,-1.21542180507664,-1.20931958770673,-0.526914895391854,-0.559490989941298,-1.17807975268023,28,1,60,0.088372353212346,6.38888888888889
126,-0.163434794561902,0.0964398251940451,-1.14683991765373,-0.526914895391854,-0.559490989941298,-1.17807975268023,33,1,70,0.0781657086318924,20.2222222222222
357,-0.512955580083494,-0.18710970510906,0.160673564325337,-0.512955580083494,-0.18710970510906,0.160673564325337,23,1,75,0.103853709198181,0.666666666666667
299,-0.509397815274935,-0.0087531782938535,-0.131517319874352,-0.509397815274935,-0.0087531782938535,-0.131517319874352,32,0,90,0.0964513200250118,3.61111111111111
283,-0.48412932346757,0.336559402965633,0.325635868131335,-0.48412932346757,0.336559402965633,0.325635868131335,29,1,75,0.0751418472422196,2.05555555555556
71,0.0283329399652726,-0.895356223475743,0.137708135709587,-0.479102435134463,-0.944042418832565,0.359853491544135,27,1,60,0.0774398233111249,3.77777777777778
71,-1.11631952061906,-1.14352812562356,1.15174673362836,-0.479102435134463,-0.944042418832565,0.359853491544135,27,0,95,0.129142934489987,6.27777777777778
71,-0.838757936137599,-1.01172107306307,-0.195492508205731,-0.479102435134463,-0.944042418832565,0.359853491544135,27,0,80,0.0858368251160804,1.38888888888889
71,0.0103347762535357,-0.725564253167886,0.345451605044325,-0.479102435134463,-0.944042418832565,0.359853491544135,27,0,65,0.088145056620332,1.16666666666667
242,-0.274847222171949,-0.158429553910201,0.264881182429932,-0.469609673658882,-0.639995433170508,-0.132889240813794,30,0,80,0.0916691966474759,1.94444444444444
242,-0.375603797712297,-0.660768588667874,-0.419200616560791,-0.469609673658882,-0.639995433170508,-0.132889240813794,28,0,30,0.0896286657806705,0.777777777777778
242,-0.758378001092401,-1.10078815693345,-0.244348288310522,-0.469609673658882,-0.639995433170508,-0.132889240813794,24,0,85,0.124188947292952,0.222222222222222
61,-0.996303798173732,-0.0454487538209213,-0.253987184313287,-0.468581612554765,-0.24436953656972,0.384480439734616,26,0,90,0.0676055589274223,0.0555555555555555
61,0.0591405730642011,-0.443290319318519,1.02294806378252,-0.468581612554765,-0.24436953656972,0.384480439734616,30,0,50,0.078385113759826,16.0555555555556
75,-0.390693059115012,-0.447926681878391,0.0168100501540882,-0.467788165846372,-0.269915382495271,0.44514774798804,23,1,100,0.0572023528518763,2.61111111111111
75,-0.863759146172146,-0.450912547259605,0.122547454995241,-0.467788165846372,-0.269915382495271,0.44514774798804,31,0,100,0.103134119229308,4.11111111111111
75,-0.148912292251959,0.0890930816521833,1.19608573881479,-0.467788165846372,-0.269915382495271,0.44514774798804,30,0,80,0.052767779384732,20.5
41,0.159542873088366,-0.251344834725961,0.124248404943044,-0.464993262445478,-0.213182268094648,-0.34595002372665,24,0,65,0.0599251650752298,8.27777777777778
41,-1.24110125789766,0.224871121929754,-1.43333562735035,-0.464993262445478,-0.213182268094648,-0.34595002372665,26,0,100,0.0572935482655013,4.61111111111111
41,-1.01099736463267,-0.541281598150898,-0.767368582318774,-0.464993262445478,-0.213182268094648,-0.34595002372665,32,0,100,0.0924746998682236,9.11111111111111
41,0.232582699660053,-0.284973761431489,0.69265570981948,-0.464993262445478,-0.213182268094648,-0.34595002372665,33,1,70,0.0698210078088687,8.94444444444444
363,0.012177023170144,0.466576707191746,-0.561782005445166,-0.459061150143166,0.0396283340049552,-0.482899793002702,33,1,100,0.0995649476661036,0.833333333333333
363,-0.258983776218241,-0.0918720177982484,0.0105914925162078,-0.459061150143166,0.0396283340049552,-0.482899793002702,32,0,100,0.103949569868242,0.611111111111111
363,-1.1303766973814,-0.255819687378632,-0.897508866079147,-0.459061150143166,0.0396283340049552,-0.482899793002702,24,1,100,0.0551366199800845,0.111111111111111
35,0.215979807334615,-0.404655364609721,0.479242156374992,-0.429015014466762,-0.957653869724001,0.339920232058837,28,1,95,0.0958083423890773,1.66666666666667
35,-1.07400983626814,-1.51065237483828,0.200598307742683,-0.429015014466762,-0.957653869724001,0.339920232058837,23,0,90,0.0681512012630845,11.8888888888889
175,0.240465247177211,0.145492091624797,-0.500405264214899,-0.426513184205649,-0.293662050117492,-0.625020190718246,30,0,90,0.0726595456998,2.66666666666667
175,-1.09349161558851,-0.732816191859782,-0.749635117221593,-0.426513184205649,-0.293662050117492,-0.625020190718246,23,0,100,0.0511542402448612,1.33333333333333
374,-1.16862812959862,-0.849694715317153,0.315765790283981,-0.424212463592153,-0.402435819286518,0.307405942745166,26,0,50,0.0802091332048952,5.72222222222222
374,0.320203202414313,0.0448230767441163,0.29904609520635,-0.424212463592153,-0.402435819286518,0.307405942745166,29,1,95,0.042766687991606,5.33333333333333
217,-1.24954792914051,-1.19937201223588,-1.08979672460106,-0.423879758522331,-0.777171895657167,0.136327579916455,28,0,75,0.0741814934638126,5.88888888888889
217,0.401788412095848,-0.354971779078455,1.36245188443397,-0.423879758522331,-0.777171895657167,0.136327579916455,33,0,100,0.121907615087185,5.5
371,-0.432275596042953,-0.287955939303779,-1.07896711739395,-0.41898835363431,-0.205501872649717,-1.20071733379935,31,1,50,0.0848201652920979,4.27777777777778
371,-0.405701111225667,-0.123047805995654,-1.32246755020476,-0.41898835363431,-0.205501872649717,-1.20071733379935,30,1,70,0.0873550148793738,0.111111111111111
378,-0.410499923247742,-0.335643721975006,0.0192186216758027,-0.410499923247742,-0.335643721975006,0.0192186216758027,28,1,65,0.0460921187209639,0.888888888888889
124,-0.91296363526472,-0.152412890593363,-0.590429369509457,-0.405820813967065,0.0855835467021255,0.222375016961292,30,1,80,0.0577779293871886,1.66666666666667
124,0.10132200733059,0.323579983997614,1.03517940343204,-0.405820813967065,0.0855835467021255,0.222375016961292,34,1,80,0.0747188767569498,2.83333333333333
385,-0.377518702591516,0.502918861472833,-0.137503454082549,-0.377518702591516,0.502918861472833,-0.137503454082549,29,1,-20,0.104169690657187,2.55555555555556
275,-0.277943421479357,-0.203199137948849,0.0435227746925732,-0.363979874054425,-0.0960539416525752,0.21261324039342,26,0,95,0.132825115190505,9.94444444444444
275,-0.450016326629492,0.0110912546436987,0.381703706094266,-0.363979874054425,-0.0960539416525752,0.21261324039342,24,0,70,0.111903408372302,0.111111111111111
233,0.11237876397507,0.481397522262918,-0.616602795547284,-0.354176938953696,0.0804751155893967,-0.524068922540214,27,0,90,0.0460876699943039,4.05555555555556
233,0.277100798058751,0.58511293353894,-0.155493199710405,-0.354176938953696,0.0804751155893967,-0.524068922540214,22,0,90,0.0521244949794388,0.333333333333333
233,-1.45201037889491,-0.825085109033668,-0.800110772362953,-0.354176938953696,0.0804751155893967,-0.524068922540214,27,0,95,0.0867285461498323,11.6666666666667
69,0.202359950084554,-0.275450696723583,-0.789417241498751,-0.349547183339963,-0.0335453997298967,-0.722148733486435,30,0,90,0.10192224636825,0.388888888888889
69,-1.27183476575335,-0.286446260267196,-1.18892070636292,-0.349547183339963,-0.0335453997298967,-0.722148733486435,31,0,100,0.0699504799661874,0.388888888888889
69,0.0208332656489063,0.461260757801089,-0.188108252597633,-0.349547183339963,-0.0335453997298967,-0.722148733486435,29,1,65,0.0473229648742134,1.22222222222222
349,0.415075641572735,1.60934720293806,-0.610628138017041,-0.347873626424147,0.653752746102031,-1.16829989811104,32,1,55,0.0580036700142578,3.27777777777778
349,-1.11082289442103,-0.301841710733997,-1.72597165820504,-0.347873626424147,0.653752746102031,-1.16829989811104,28,1,95,0.0750057721661865,1.94444444444444
168,0.095994204821845,0.0399459902712024,-0.556279282995292,-0.346342828141519,-0.453711104534603,-0.525047861731159,35,0,-70,0.0872169791111103,1.22222222222222
168,-0.920327763917502,-1.27864182088067,-0.760741458013223,-0.346342828141519,-0.453711104534603,-0.525047861731159,26,0,90,0.0549161620550183,1.05555555555556
168,-0.214694925328899,-0.12243748299434,-0.258122844184961,-0.346342828141519,-0.453711104534603,-0.525047861731159,34,0,100,0.0982740946044543,1.16666666666667
240,0.299282683572993,0.100933116067114,-0.485321052823821,-0.341326999892753,-0.146848082067425,-0.648396458417301,31,1,85,0.0513925686239996,0.111111111111111
240,-0.981936683358499,-0.394629280201963,-0.811471864010782,-0.341326999892753,-0.146848082067425,-0.648396458417301,35,0,70,0.0885299716995872,0.722222222222222
352,-0.338302805236624,-0.262447961814776,-0.422378471457943,-0.338302805236624,-0.262447961814776,-0.422378471457943,34,0,100,0.0768241817679025,10.2222222222222
373,-0.331857945484995,0.699898460298774,-0.441475874834771,-0.331857945484995,0.699898460298774,-0.441475874834771,27,0,55,0.0851912755162458,0.388888888888889
288,-0.303301195986508,-0.0908730067859617,-1.16670687397693,-0.303301195986508,-0.0908730067859617,-1.16670687397693,32,0,100,0.100581313598276,0.833333333333333
115,0.0563895813719312,-0.700509214646922,-0.0364043736029416,-0.302839958960427,-0.874305714128142,0.0760862890320792,33,1,60,0.0872717478708122,10.5
115,-0.380637317029696,-0.338946719969785,0.6441196177779,-0.302839958960427,-0.874305714128142,0.0760862890320792,26,0,60,0.0763421687097281,21.7777777777778
115,-0.584272141223516,-1.58346120776772,-0.379456377078721,-0.302839958960427,-0.874305714128142,0.0760862890320792,31,0,100,0.0608628317897282,7.44444444444444
131,-0.642078880943898,-1.04401720317969,-1.5861654512796,-0.295770306729746,-0.621953589677778,-1.34378519372663,29,1,100,0.0621285037956136,15.4444444444444
131,0.0505382674844056,-0.199889976175866,-1.10140493617366,-0.295770306729746,-0.621953589677778,-1.34378519372663,24,0,60,0.104945312770964,13.6666666666667
262,-1.11487124331066,-0.807607181656764,0.0859305703891524,-0.286307371279308,-0.248730793734474,0.317281140342679,23,0,100,0.0818370478875335,2.5
262,0.744889610805602,1.059028951597,1.57527422705667,-0.286307371279308,-0.248730793734474,0.317281140342679,29,1,65,0.067709836954786,1.22222222222222
262,-0.336119561047569,-0.213292058171032,0.0952455630506777,-0.286307371279308,-0.248730793734474,0.317281140342679,34,0,80,0.124813507314808,9.44444444444444
262,-0.439128291564604,-1.0330528867071,-0.487325799125783,-0.286307371279308,-0.248730793734474,0.317281140342679,30,1,100,0.0910010782501012,0.0555555555555555
315,-1.07627986910445,0.208860830599097,-0.495104318058733,-0.259417484400001,0.119322332759892,-0.207140257392056,29,0,80,0.0751544125306972,3.66666666666667
315,0.250636518609038,-0.163963036338944,-0.0183496908881082,-0.259417484400001,0.119322332759892,-0.207140257392056,25,0,60,0.0695475557989327,7.77777777777778
315,0.047390897295409,0.313069204019523,-0.107966763229327,-0.259417484400001,0.119322332759892,-0.207140257392056,32,0,-70,0.119254986741614,0
147,0.0239601536511959,-0.0768856386294018,0.315198319272693,-0.257926548669433,0.206607198070883,-0.0731720374999275,27,0,-65,0.0869647898725299,0.944444444444444
147,-0.539813250990063,0.490100034771168,-0.461542394272548,-0.257926548669433,0.206607198070883,-0.0731720374999275,29,0,55,0.089529362014504,0.388888888888889
329,0.139975649444825,0.576121842726355,-0.394529879610961,-0.254992654556453,0.317655363923759,-0.458549574731831,33,0,90,0.0738870514933695,11.4444444444444
329,-0.649960958557732,0.0591888851211623,-0.5225692698527,-0.254992654556453,0.317655363923759,-0.458549574731831,29,0,60,0.0924342760702773,3.11111111111111
216,0.62020208563202,0.747667672614407,0.185748629050033,-0.25460971767833,0.017798610426285,-0.0913498746187265,26,1,100,0.0678110720637631,1.66666666666667
216,-1.12942152098868,-0.712070451761837,-0.368448378287486,-0.25460971767833,0.017798610426285,-0.0913498746187265,25,0,55,0.0675815937188412,16.1666666666667
189,-0.245449209279685,-0.0332849816452187,-0.277573722291508,-0.245449209279685,-0.0332849816452187,-0.277573722291508,32,0,55,0.0820578467915204,1.11111111111111
258,-0.0573888705012715,-0.273463852940094,1.37679685736401,-0.237934085369992,-0.610479677475404,0.71586393490067,26,1,50,0.0673468471271173,6.22222222222222
258,-0.418479300238712,-0.947495502010714,0.0549310124373306,-0.237934085369992,-0.610479677475404,0.71586393490067,23,1,85,0.0631328101121662,1.27777777777778
33,-0.232119083652845,-0.249373760942859,-0.533330049866089,-0.232119083652845,-0.249373760942859,-0.533330049866089,32,0,-20,0.103415394298077,3.16666666666667
249,-1.03354852148963,-0.957734939689178,-0.561965546033054,-0.22221757979348,-0.267837500285106,0.374962011424773,34,1,70,0.0631873560986655,2.22222222222222
249,0.58911336190267,0.422059939118966,1.3118895688826,-0.22221757979348,-0.267837500285106,0.374962011424773,25,1,80,0.101060301536301,0.277777777777778
345,-1.11372665644601,-0.968800354472329,-0.963051289459153,-0.21902643801961,0.228596527574555,-0.344668906406382,27,0,100,0.053208391237771,1.94444444444444
345,0.0596999251731655,0.991439847930744,-0.698820238334436,-0.21902643801961,0.228596527574555,-0.344668906406382,28,0,80,0.100459026177147,3.66666666666667
345,0.396947417214015,0.663150089265251,0.627864808574443,-0.21902643801961,0.228596527574555,-0.344668906406382,31,0,80,0.0522459607822581,3.11111111111111
333,-0.0956998099987312,0.0505287478177002,-0.0203811652981319,-0.217001007291786,-0.198017805809754,0.277747612716874,30,0,100,0.103605721853781,2.72222222222222
333,-0.338302204584841,-0.446564359437209,0.575876390731879,-0.217001007291786,-0.198017805809754,0.277747612716874,29,0,95,0.0927330229550327,9.44444444444444
38,-0.523179986720651,0.367135232162497,-0.2506537038665,-0.2144517795282,-0.29622525740487,0.106471713337126,34,0,95,0.0788035749175433,20.7777777777778
38,-1.06459546983868,-0.969753678312591,0.342618615103136,-0.2144517795282,-0.29622525740487,0.106471713337126,32,0,-45,0.04895506942137,4.38888888888889
38,0.944420117974732,-0.286057326064517,0.227450228774741,-0.2144517795282,-0.29622525740487,0.106471713337126,34,1,70,0.0506628084296158,0.277777777777778
215,0.389175651638752,0.557656087457484,-0.0704527284401244,-0.203450515266494,0.0341580440627651,-0.194287749702319,29,1,65,0.0616481030371911,0.111111111111111
215,0.113995738484444,0.0283117193587016,0.0511120913281088,-0.203450515266494,0.0341580440627651,-0.194287749702319,27,1,90,0.0524009831472677,6.55555555555556
215,-0.922765902267588,-0.597484956467043,-0.887228216190764,-0.203450515266494,0.0341580440627651,-0.194287749702319,35,0,90,0.0581324770755277,20.7222222222222
215,-0.394207548921585,0.148149325901918,0.129417854493504,-0.203450515266494,0.0341580440627651,-0.194287749702319,24,1,85,0.0820791386163785,3.27777777777778
192,0.377119197055121,-0.592142033195855,1.02151659108263,-0.201258502121403,-0.959417969480139,0.433925718992759,26,1,-30,0.0703566612304659,12.6666666666667
192,-0.802299383514382,-1.58686426359084,-0.0656558879379473,-0.201258502121403,-0.959417969480139,0.433925718992759,25,0,95,0.103016045463532,2.22222222222222
192,-0.178595319904949,-0.699247611653723,0.345916453833594,-0.201258502121403,-0.959417969480139,0.433925718992759,26,0,95,0.0892619508950243,0.444444444444444
247,-0.552246629108162,-1.14523847484098,-0.37609151148044,-0.199099672586625,-0.0651088134204301,-0.405643814114067,23,1,50,0.0645167177096893,0.277777777777778
247,0.154047283934912,1.01502084800012,-0.435196116747694,-0.199099672586625,-0.0651088134204301,-0.405643814114067,32,1,50,0.0707073472167451,7.94444444444444
14,-0.55917701791156,-0.825162548008107,-0.635156146705928,-0.198232597756561,-0.481263153393598,-0.14404285981859,25,0,75,0.0781888626573885,0.277777777777778
14,0.162711822398437,-0.13736375877909,0.347070427068748,-0.198232597756561,-0.481263153393598,-0.14404285981859,26,1,70,0.0533483348644189,0.0555555555555555
62,-0.548566101593419,-0.326849000076286,-0.603927890848102,-0.194978396955568,0.0855476775647515,-0.385804752317754,25,1,85,0.0956170474110015,5
62,0.158609307682284,0.497944355205789,-0.167681613787406,-0.194978396955568,0.0855476775647515,-0.385804752317754,32,0,90,0.058237573996498,0.388888888888889
130,-0.331574406804353,0.128167611374828,-0.879547106564944,-0.18725312766968,0.148671394340731,-0.908116545648257,31,1,-60,0.0747719956107983,10.1111111111111
130,-0.0429318485350079,0.169175177306633,-0.936685984731569,-0.18725312766968,0.148671394340731,-0.908116545648257,33,0,-80,0.0647517854333922,6.38888888888889
15,-0.245865241759888,-0.786086145695172,0.908038672446501,-0.186778325116906,-0.77533051287122,0.574805308256922,32,0,100,0.0961927462095721,4.94444444444444
15,-0.127691408473923,-0.764574880047269,0.241571944067343,-0.186778325116906,-0.77533051287122,0.574805308256922,34,0,5,0.105044844112668,0
30,0.05008775219722,-0.727624208151738,0.232369178838474,-0.176567314066814,-0.591147486804545,-0.664055740652443,31,1,100,0.0977973669410749,11.3888888888889
30,-0.403222380330847,-0.454670765457351,-1.56048066014336,-0.176567314066814,-0.591147486804545,-0.664055740652443,22,1,10,0.136826379986434,0.611111111111111
132,-0.169377636385706,0.326190578391385,-0.0604491198395773,-0.169377636385706,0.326190578391385,-0.0604491198395773,22,0,100,0.114947186816215,2.72222222222222
59,-0.647576436386755,-1.2235562433836,0.775443136249608,-0.154957381444882,-0.134710312228526,0.317394113189474,30,0,80,0.0981088505836123,3.5
59,0.774399800545244,1.06975785171079,0.319036847262937,-0.154957381444882,-0.134710312228526,0.317394113189474,22,0,100,0.0600748849175978,1.22222222222222
59,-0.591695508493136,-0.250332545012769,-0.142297643944123,-0.154957381444882,-0.134710312228526,0.317394113189474,28,0,100,0.0585603892549951,51.9444444444444
48,-0.0621001933552343,0.379842048260566,-0.0280194665728973,-0.126710547552724,-0.2888793868003,-0.0640445430808408,24,0,100,0.0706452146664377,1.38888888888889
48,-0.169222414622694,-1.57806397672803,0.142577287928296,-0.126710547552724,-0.2888793868003,-0.0640445430808408,27,1,-40,0.132755915336313,40.1111111111111
48,-0.148809034680245,0.331583768066565,-0.306691450597921,-0.126710547552724,-0.2888793868003,-0.0640445430808408,29,1,75,0.0958540150079289,1.61111111111111
12,0.54730242981213,-0.197115930378711,0.432849353343864,-0.118190363426487,-0.484834497351266,0.573336594629504,28,1,70,0.100443943928939,0.111111111111111
12,-0.43884278028155,-0.285227919325626,0.791820312375966,-0.118190363426487,-0.484834497351266,0.573336594629504,22,0,35,0.0616122076141339,19.1666666666667
12,-0.463030739810042,-0.97215964234946,0.495340118168683,-0.118190363426487,-0.484834497351266,0.573336594629504,25,0,65,0.101439110695067,0.444444444444444
322,-0.302988992169849,-1.05407021848637,0.282970744027279,-0.110465767383967,-0.888580025760237,0.78115519533694,28,1,95,0.0494365173596181,0.111111111111111
322,0.0820574574019151,-0.723089833034103,1.2793396466466,-0.110465767383967,-0.888580025760237,0.78115519533694,33,1,95,0.0718203994189463,3.55555555555556
101,-0.108774696592517,-0.0392247029424534,1.28552827878554,-0.108774696592517,-0.0392247029424534,1.28552827878554,32,0,70,0.132208917048411,9.61111111111111
202,0.594886414537333,0.447093930275593,-0.38798047541898,-0.0948152979046526,0.322587575090177,-0.25356853052227,22,0,60,0.0568772539458613,1.05555555555556
202,0.774145510421909,1.05628957482178,1.44402151328135,-0.0948152979046526,0.322587575090177,-0.25356853052227,30,1,95,0.0579334810141989,7.5
202,-1.6534778186732,-0.535620779826841,-1.81674662942918,-0.0948152979046526,0.322587575090177,-0.25356853052227,30,0,80,0.096734515631927,22.5555555555556
324,-0.0925960323731897,-0.705202340574713,0.260570050207217,-0.0925960323731897,-0.705202340574713,0.260570050207217,25,0,70,0.119046946496523,0.166666666666667
289,-0.004963644646111,-0.990021310030812,0.769910167175365,-0.0810651667173008,-0.203534879643683,0.432782543349513,24,0,100,0.0733093280482426,20.2777777777778
289,-0.824254139717565,-1.15035458917423,0.153377379386286,-0.0810651667173008,-0.203534879643683,0.432782543349513,26,0,80,0.116049897077785,0.5
289,0.0388691677152395,0.501349919359346,0.322584194194126,-0.0810651667173008,-0.203534879643683,0.432782543349513,28,0,95,0.0529547474208551,0.555555555555556
289,-0.224286890540709,0.203551917661917,0.578048789943529,-0.0810651667173008,-0.203534879643683,0.432782543349513,27,1,80,0.106482317484249,14.2222222222222
289,0.609309673602641,0.417799663965364,0.33999218604826,-0.0810651667173008,-0.203534879643683,0.432782543349513,26,1,75,0.0872644542231828,1.66666666666667
343,-0.0698811381776692,-0.421439068470347,0.321283357571569,-0.0698811381776692,-0.421439068470347,0.321283357571569,27,1,55,0.0668176828459879,2.94444444444444
226,0.0104223634500691,0.362084485752638,-0.817037689162219,-0.0657102095881514,0.130461073626193,-0.760979736533631,25,0,80,0.0841989991321353,1.72222222222222
226,-0.141842782626372,-0.101162338500252,-0.704921783905044,-0.0657102095881514,0.130461073626193,-0.760979736533631,28,0,45,0.105324854522109,22.6666666666667
246,-0.0649232507505611,0.284494843503637,-0.300919845813401,-0.0649232507505611,0.284494843503637,-0.300919845813401,31,1,45,0.0730132428153815,25.2222222222222
221,-0.559236413112923,-0.833119644057033,0.290613106294704,-0.0631962678618039,-0.163647332852312,0.446301841824684,31,0,100,0.0717700281934917,0.166666666666667
221,0.432843877389315,0.505824978352409,0.601990577354665,-0.0631962678618039,-0.163647332852312,0.446301841824684,30,0,80,0.125146598371644,0.722222222222222
1,-0.602740721533234,0.0862012938402659,-0.73085605230962,-0.0532439615062816,0.175124063018966,-0.124600457034485,29,0,95,0.0650027812330294,0.666666666666667
1,0.739267920815115,0.467149176812946,0.882544851083881,-0.0532439615062816,0.175124063018966,-0.124600457034485,22,0,-90,0.0548060282410052,0.333333333333333
1,-0.296259083800726,-0.0279782815963132,-0.525490169877715,-0.0532439615062816,0.175124063018966,-0.124600457034485,32,0,100,0.0704745246162874,27.8888888888889
73,0.852308973307923,-0.203765531894014,0.605127866916501,-0.0529054086712225,0.095347991607873,-0.25296983658744,30,1,75,0.120089416212104,0.5
73,-0.958119790650368,0.39446151510976,-1.11106754009138,-0.0529054086712225,0.095347991607873,-0.25296983658744,32,0,80,0.0896444056157422,2.16666666666667
176,-1.06017511503781,-1.12450595461923,-0.0052357195213783,-0.0503143074763333,0.111059468295225,0.297000447466794,25,1,80,0.0922317038672735,0.166666666666667
176,0.574529543661634,0.709403701372188,0.696671228319021,-0.0503143074763333,0.111059468295225,0.297000447466794,27,0,100,0.0788068512404987,0.888888888888889
176,0.334702648947176,0.748280658132717,0.19956583360274,-0.0503143074763333,0.111059468295225,0.297000447466794,32,1,-5,0.110079475129478,2.5
99,-0.0461770305844417,-0.232219098540384,0.206151488917917,-0.0461770305844417,-0.232219098540384,0.206151488917917,27,1,-90,0.0811631569929757,1.88888888888889
278,0.480750197404098,0.885322978505626,-0.768746904362888,-0.0311381595676334,0.0798872629716455,-0.55576411343106,31,0,100,0.105401764434592,9.5
278,-0.543026516539365,-0.725548452562335,-0.342781322499232,-0.0311381595676334,0.0798872629716455,-0.55576411343106,24,0,75,0.0924171721354312,7.66666666666667
321,0.0408679412867936,0.922237291407479,-0.491650496570767,-0.0309233430547121,0.09503788288537,-0.159888071370792,32,0,80,0.0619743317153426,2.61111111111111
321,-0.102714627396218,-0.732161525636739,0.171874353829183,-0.0309233430547121,0.09503788288537,-0.159888071370792,30,1,-85,0.079421865330962,33.0555555555556
178,-0.219374822586118,-0.0178864073713199,0.132369090706725,-0.0257915541520485,0.090748322217914,-0.00341858522369649,35,0,60,0.0742417223726148,1.88888888888889
178,0.167791714282021,0.199383051807148,-0.139206261154118,-0.0257915541520485,0.090748322217914,-0.00341858522369649,30,0,-100,0.0793682650331248,1.05555555555556
172,-0.0191029753817843,0.510402697917509,-0.862288627721348,-0.0191029753817843,0.510402697917509,-0.862288627721348,24,0,100,0.076433099698651,10.0555555555556
114,1.13118664833641,0.712676992184509,0.655875982567023,-0.0064752650626449,-0.227790986712956,-0.1645432073053,28,0,100,0.0696566595437119,0.388888888888889
114,-1.1441371784617,-1.16825896561042,-0.984962397177622,-0.0064752650626449,-0.227790986712956,-0.1645432073053,27,0,100,0.0786742421858281,2.66666666666667
154,0.205823213493371,0.630928754453582,0.0874863421309245,0.0037494198342762,0.460697683182078,0.170412142534092,28,0,75,0.0674509664420267,0.833333333333333
154,-0.381395399073595,0.439135675698388,-0.0460089136726368,0.0037494198342762,0.460697683182078,0.170412142534092,32,0,80,0.0550587606631559,0.777777777777778
154,-0.106999871316761,-0.016529219611175,0.246623107211467,0.0037494198342762,0.460697683182078,0.170412142534092,23,1,80,0.123999502244932,8.88888888888889
154,0.29756973623409,0.789255522187516,0.393548034466614,0.0037494198342762,0.460697683182078,0.170412142534092,26,1,-55,0.107483099752644,3.22222222222222
308,0.148309181759597,-0.38034233234086,-0.565615938139134,0.0074645154354009,-0.475311291796581,-0.0852678530118425,33,0,100,0.0890003645518771,3.16666666666667
308,-0.133380150888795,-0.570280251252303,0.395080232115449,0.0074645154354009,-0.475311291796581,-0.0852678530118425,27,0,80,0.0839704546302473,3.33333333333333
52,-0.157922871491368,-0.49420754217054,-0.0572190716841815,0.0103458595222825,0.0815802450930475,-0.359182948763968,24,0,90,0.130715356943255,0.611111111111111
52,0.178614590535933,0.657368032356635,-0.661146825843755,0.0103458595222825,0.0815802450930475,-0.359182948763968,30,0,80,0.0620747000252455,9.38888888888889
284,0.144282098499376,-0.182505284060859,-0.371669027990543,0.0138992525638975,-0.225909058921283,-0.260291223611235,35,1,85,0.122832470218446,0.944444444444444
284,-0.116483593371581,-0.269312833781707,-0.148913419231926,0.0138992525638975,-0.225909058921283,-0.260291223611235,22,0,100,0.0845688920281599,0.611111111111111
74,-0.0029757601146026,-0.356021870773534,-0.860430472069422,0.0224900757606987,-0.291947625344625,-0.496049968058011,31,1,95,0.061788305789669,0.111111111111111
74,0.0479559116360002,-0.227873379915716,-0.1316694640466,0.0224900757606987,-0.291947625344625,-0.496049968058011,31,1,85,0.076715128447492,4.5
146,0.0245833915207327,-0.0938157778921567,-0.123006698312021,0.0245833915207327,-0.0938157778921567,-0.123006698312021,30,0,70,0.078835560918825,2.94444444444444
320,0.0310279626987734,-0.47559194533142,0.642977141807086,0.0310279626987734,-0.47559194533142,0.642977141807086,26,0,80,0.0727507077543556,2.66666666666667
222,0.131060721542139,0.658026345849082,0.125248373916813,0.0322147770607865,0.205464790175434,-0.0481794353061725,22,0,100,0.0649008878166876,9.66666666666667
222,-0.0666311674205659,-0.247096765498214,-0.221607244529158,0.0322147770607865,0.205464790175434,-0.0481794353061725,26,0,40,0.0849935789306698,0.333333333333333
156,0.295275889376374,0.339470988393602,0.133086662429537,0.0533632519154418,0.070332713009025,0.132808272287674,26,1,-75,0.0642382729968216,33
156,0.0827316467571066,-0.423402483355897,0.725024703027368,0.0533632519154418,0.070332713009025,0.132808272287674,31,1,70,0.0879964232011375,4.88888888888889
156,-0.217917780387155,0.29492963398937,-0.459686548593882,0.0533632519154418,0.070332713009025,0.132808272287674,29,1,70,0.0817725210337202,6.22222222222222
231,0.823346720130581,-0.508047651375973,0.746625155607312,0.0573771146005183,-0.526818764766047,0.18552957436901,22,1,50,0.100548069699862,14.4444444444444
231,-0.29590256816547,-0.89163894357132,0.188057658384097,0.0573771146005183,-0.526818764766047,0.18552957436901,34,0,80,0.102721857859877,2.72222222222222
231,-0.355312808163556,-0.180769699350847,-0.378094090884379,0.0573771146005183,-0.526818764766047,0.18552957436901,27,0,100,0.0657837565887305,9.22222222222222
281,0.0579674637503274,-0.434254817105901,-0.526649265383437,0.0579674637503274,-0.434254817105901,-0.526649265383437,31,1,85,0.0743053522228656,7.44444444444444
317,0.579386988042992,0.294200084734071,0.799552276064399,0.06684090727662,0.111429119500764,0.705322754102592,31,1,75,0.0663910561688041,7.33333333333333
317,-0.445705173489752,-0.0713418457325423,0.611093232140785,0.06684090727662,0.111429119500764,0.705322754102592,28,0,100,0.0966197885646428,1.61111111111111
195,0.143810601597285,-0.784411903869097,0.796948333043344,0.068040013976176,-0.137298883145071,0.593082036040287,22,0,95,0.0660611324525331,18.6111111111111
195,-0.284765079558683,0.36623866671083,0.24991594200332,0.068040013976176,-0.137298883145071,0.593082036040287,32,0,80,0.136122980908794,8.33333333333333
195,0.345074519889926,0.0062765877230547,0.732381833074196,0.068040013976176,-0.137298883145071,0.593082036040287,27,0,80,0.0638671313384795,6.44444444444444
364,-0.658869748225865,-0.265797316497673,-0.027210858579818,0.068657948827851,-0.163811600959497,0.484830456780832,32,1,80,0.0927991339872252,3.44444444444444
364,0.796185645881567,-0.0618258854213201,0.996871772141482,0.068657948827851,-0.163811600959497,0.484830456780832,31,1,80,0.0626669138653907,1.05555555555556
122,-0.63874310119893,-0.493441334382766,-1.2097097941568,0.090435672379846,0.054531639532775,-0.379043975302897,30,1,100,0.112610315107274,3.61111111111111
122,0.819614445958622,0.602504613448316,0.451621843551006,0.090435672379846,0.054531639532775,-0.379043975302897,23,1,-40,0.0826473971715608,0.666666666666667
152,0.129636086838184,0.283311657372209,0.0905235819646988,0.0928334933456893,0.182648919593448,0.112424550516072,23,1,65,0.0809856127457266,1.88888888888889
152,-0.138668954485503,0.0124127055051582,-0.757984651271832,0.0928334933456893,0.182648919593448,0.112424550516072,31,1,95,0.0710866000817575,1.11111111111111
152,0.287533347684387,0.252222395902977,1.00473472085535,0.0928334933456893,0.182648919593448,0.112424550516072,32,1,85,0.0681417127814631,2.38888888888889
144,0.0632272726691867,0.0891256491672159,-0.503389785812056,0.121759623751932,-0.0202144689280649,0.315636066277518,27,1,80,0.0861570138380198,0.166666666666667
144,-0.177519826755972,-0.0755669456911782,0.492352229417228,0.121759623751932,-0.0202144689280649,0.315636066277518,31,1,100,0.0985561045293159,1.05555555555556
144,0.47957142534258,-0.0742021102602324,0.957945755227381,0.121759623751932,-0.0202144689280649,0.315636066277518,34,1,85,0.0718675220231303,0.111111111111111
344,0.122450711671488,0.138449619661892,-0.668910118999308,0.122450711671488,0.138449619661892,-0.668910118999308,27,0,85,0.0991438671738685,17.9444444444444
256,-0.0119290777098422,-0.654316729101844,0.491692706109404,0.130353716155111,-0.332565768333783,0.661584553561409,32,0,70,0.053698836269103,2.83333333333333
256,0.272636510020064,-0.0108148075657216,0.831476401013414,0.130353716155111,-0.332565768333783,0.661584553561409,22,0,70,0.0560746448690238,16.2777777777778
85,-0.639921533103766,-1.2700131230451,-1.06402600598629,0.136290450022638,-0.325864987526835,-0.518442814437932,25,1,100,0.124907473606888,2.22222222222222
85,0.461434573151263,0.447864202171717,-0.59722654837775,0.136290450022638,-0.325864987526835,-0.518442814437932,28,1,90,0.0523226418455738,3.16666666666667
85,0.587358310020418,-0.155446041707121,0.105924111050245,0.136290450022638,-0.325864987526835,-0.518442814437932,25,0,100,0.109226358996748,3.61111111111111
201,0.125603407137107,0.252391487755606,-0.686470360052574,0.149885164823912,0.182294059052983,-0.288119945108553,35,1,80,0.0573814714902376,5.27777777777778
201,0.498093344538123,-0.19913738784041,0.255024795349098,0.149885164823912,0.182294059052983,-0.288119945108553,34,1,95,0.0608036123931555,3.88888888888889
201,-0.174041257203493,0.493628077243752,-0.432914270622183,0.149885164823912,0.182294059052983,-0.288119945108553,32,1,100,0.0670107483181381,6.55555555555556
93,-0.33580932270472,-0.53812289485855,-0.54507095731022,0.163346890675322,0.0663506432122377,0.189882393097284,25,0,100,0.0716809421753667,0.166666666666667
93,1.20222729778025,0.957627647223805,0.934596061757723,0.163346890675322,0.0663506432122377,0.189882393097284,33,1,90,0.085958626352831,0.944444444444444
93,-0.376377303049563,-0.220452822728542,0.180122074844348,0.163346890675322,0.0663506432122377,0.189882393097284,23,0,100,0.0688558904448162,8.05555555555556
267,0.923214572604047,0.426366309414802,0.804143261788231,0.168987827161618,-0.00825629132610398,0.296290875825732,24,0,50,0.0888425249190893,9.83333333333333
267,-0.585238918280811,-0.44287889206701,-0.211561510136767,0.168987827161618,-0.00825629132610398,0.296290875825732,23,0,100,0.0795660400005964,0.944444444444444
285,0.410382385964499,-0.0152701825064606,-0.0972404164432373,0.182611015112118,0.0327105350691372,-0.216824380115568,29,0,90,0.0542907157761296,7.88888888888889
285,-0.0451603557402618,0.080691252644735,-0.336408343787898,0.182611015112118,0.0327105350691372,-0.216824380115568,29,0,95,0.0538506150800444,0
118,-0.165104889460013,0.492371340646455,-0.381634582020581,0.186098671846044,0.528091219487371,-0.215521478539467,31,0,100,0.0784540210278074,2
118,0.5373022331521,0.563811098328288,-0.0494083750583522,0.186098671846044,0.528091219487371,-0.215521478539467,31,1,45,0.0639155690021396,11.3333333333333
5,-0.237641334909828,-0.754271881799473,-0.103492687667303,0.197489450694388,-0.0441637116638514,0.446172402266014,27,1,45,0.0545381503977782,34.6666666666667
5,-0.0432365520326532,-0.0686691960141752,-0.0196017219390899,0.197489450694388,-0.0441637116638514,0.446172402266014,27,1,90,0.084122718517179,3.11111111111111
5,0.763158362763577,-0.334956360937922,1.6465971471926,0.197489450694388,-0.0441637116638514,0.446172402266014,33,1,100,0.0600462421297741,1.44444444444444
5,0.693199578053352,0.839828943613645,0.700149590496659,0.197489450694388,-0.0441637116638514,0.446172402266014,26,1,-10,0.0631430772737597,0.222222222222222
5,-0.188032800402506,0.0972499368186685,0.007209683247204,0.197489450694388,-0.0441637116638514,0.446172402266014,35,1,100,0.0512617860966694,1.38888888888889
180,-0.836336718091941,0.466470498611391,-0.145322105955666,0.199242448562933,0.635156471027946,-0.0820602521215767,27,1,100,0.0706959705090491,1.94444444444444
180,0.226579059414514,0.122865089103538,-0.639997289187204,0.199242448562933,0.635156471027946,-0.0820602521215767,25,1,80,0.146109122433418,0.166666666666667
180,0.945234267811421,1.1041715250703,0.923805723843987,0.199242448562933,0.635156471027946,-0.0820602521215767,27,1,75,0.099794451334654,2.66666666666667
180,0.461493185117739,0.847118771326557,-0.466727337187424,0.199242448562933,0.635156471027946,-0.0820602521215767,27,1,100,0.0915173062059198,2.55555555555556
238,0.199814530662161,0.40769097505117,0.397798794806945,0.199814530662161,0.40769097505117,0.397798794806945,35,0,-35,0.070359522467487,4.16666666666667
158,-0.314801793173372,0.0946966070378127,0.489155666410844,0.203462106148093,0.909774980743466,0.342782391379209,32,0,-95,0.0663058850046804,0.333333333333333
158,0.721726005469558,1.72485335444912,0.196409116347574,0.203462106148093,0.909774980743466,0.342782391379209,30,0,80,0.0697180629381421,4
97,0.185952983265667,0.594827273456158,1.51309644891748,0.224652635610507,0.0354992310765054,1.12106843078327,32,0,80,0.104430379682068,59.2777777777778
97,0.19861599909847,-0.418500417491243,0.124847427792844,0.224652635610507,0.0354992310765054,1.12106843078327,30,0,80,0.132665797208284,5.22222222222222
97,0.289388924467385,-0.0698291627353989,1.72526141563948,0.224652635610507,0.0354992310765054,1.12106843078327,30,0,45,0.0732641475117856,15.6666666666667
336,0.811276368063374,0.701585281355074,0.312164667902128,0.234177415321481,0.665927519511895,0.548308086930129,24,1,95,0.0939730594576928,12.9444444444444
336,-0.342921537420412,0.630269757668716,0.78445150595813,0.234177415321481,0.665927519511895,0.548308086930129,24,1,85,0.078759832074873,4.55555555555556
76,-0.0810800346938052,-0.548079826204845,-0.108060674693562,0.242508227390914,-0.381247043219246,0.260220184084381,35,0,60,0.0744808815213457,17.3888888888889
76,0.566096489475634,-0.214414260233647,0.628501042862323,0.242508227390914,-0.381247043219246,0.260220184084381,30,0,65,0.07725985836437,3.16666666666667
107,0.725958565249517,0.349156915144976,1.4307589996457,0.242603974995319,-0.294843895290024,0.837467180197549,31,0,65,0.0904235119176381,0.833333333333333
107,-0.44685810678614,-0.759753516391533,-0.359766126152813,0.242603974995319,-0.294843895290024,0.837467180197549,25,0,90,0.109989688261001,2.16666666666667
107,0.44871146652258,-0.473935084623516,1.44140866709976,0.242603974995319,-0.294843895290024,0.837467180197549,25,1,60,0.0814791319007185,0.666666666666667
368,0.243389482815717,0.912086644837051,-0.475601169492741,0.243389482815717,0.912086644837051,-0.475601169492741,25,1,50,0.0738589881235936,7
331,0.339246821625877,0.735336110770143,-0.3520922644898,0.254843482869858,0.385626673268215,0.347696691000507,26,1,95,0.0652639021945223,8.77777777777778
331,0.255563268628829,0.439141105430931,0.566167624718915,0.254843482869858,0.385626673268215,0.347696691000507,34,1,95,0.118352251349411,19.7777777777778
331,0.169720358354867,-0.0175971963964282,0.829014712772406,0.254843482869858,0.385626673268215,0.347696691000507,32,1,50,0.0632584034106164,1.11111111111111
358,0.255407278586252,-0.37108871811522,-0.243303066208964,0.255407278586252,-0.37108871811522,-0.243303066208964,34,1,100,0.0660381778347617,9.83333333333333
193,0.144205676197195,-0.142025257232798,-0.51255235742208,0.276441479041653,0.117481539289456,-0.176641742037568,26,0,85,0.0856087171271409,6.38888888888889
193,0.408677281886111,0.376988335811711,0.159268873346945,0.276441479041653,0.117481539289456,-0.176641742037568,30,1,-70,0.0776902026989826,0.722222222222222
150,0.378775760757988,0.0538974559195634,0.0352538327924452,0.277277657489215,0.0240943832188256,0.145143077896936,23,1,90,0.0576111570228921,0.944444444444444
150,-0.161094883754251,0.105128544780333,0.0119901275433106,0.277277657489215,0.0240943832188256,0.145143077896936,33,1,85,0.0628220183542749,6.22222222222222
150,0.614152095463907,-0.0867428510434195,0.388185273355053,0.277277657489215,0.0240943832188256,0.145143077896936,30,0,70,0.0742699759425642,0.722222222222222
13,0.258626091350577,-0.635588799315012,0.87503668036596,0.285305162130628,0.0123397103973544,0.526215478888056,34,1,45,0.0935124792095797,0.0555555555555555
13,0.117157447734158,-0.0136066940732299,0.198962585171218,0.285305162130628,0.0123397103973544,0.526215478888056,27,0,100,0.0768702255050057,3.16666666666667
13,0.48013194730715,0.686214624580305,0.504647171126991,0.285305162130628,0.0123397103973544,0.526215478888056,31,0,85,0.0845395702839875,0.111111111111111
273,0.567204377159978,0.802055808761669,0.857314348184982,0.291896235553897,0.533992218246851,0.733267917327139,28,1,95,0.0602071017838315,1.27777777777778
273,0.0165880939478166,0.265928627732033,0.609221486469297,0.291896235553897,0.533992218246851,0.733267917327139,33,0,80,0.0875324227646992,0.111111111111111
127,-0.42229430014838,-0.346703777699111,-0.351698684642595,0.29307021765903,0.007100875358864,0.356577862510737,30,0,100,0.0837485771019397,1.33333333333333
127,1.00843473546644,0.360905528416839,1.06485440966407,0.29307021765903,0.007100875358864,0.356577862510737,33,1,95,0.069273870932322,5.5
380,0.166745121105135,0.521709523103828,-0.467552380536419,0.303725220277464,0.631846287074844,-0.323858716060503,30,1,70,0.0700514650979257,1.27777777777778
380,0.440705319449793,0.741983051045861,-0.180165051584586,0.303725220277464,0.631846287074844,-0.323858716060503,34,0,80,0.0707168190637124,7.61111111111111
328,0.306785892918264,-0.025165829601592,1.01225664213304,0.306785892918264,-0.025165829601592,1.01225664213304,31,1,60,0.123083590038405,4.38888888888889
117,0.132307736068604,-0.0459297252190883,-0.271017339866702,0.316393173551122,-0.253524033409329,0.132116414621541,32,0,95,0.0532372333279077,7.05555555555556
117,0.500478611033639,-0.46111834159957,0.535250169109785,0.316393173551122,-0.253524033409329,0.132116414621541,32,0,75,0.0617195088668645,2.16666666666667
162,0.343190116288956,0.510294368417872,-0.53184388664329,0.339383738625501,0.293596773967663,-0.301650971530348,27,0,90,0.0612109836659973,6.66666666666667
162,0.335577360962047,0.0768991795174544,-0.0714580564174068,0.339383738625501,0.293596773967663,-0.301650971530348,25,0,70,0.102578219439586,0.111111111111111
143,0.354630552409229,-0.190813051543122,0.48471729113087,0.354630552409229,-0.190813051543122,0.48471729113087,28,1,90,0.0734199071552027,16.1111111111111
381,0.164508517995121,-0.00557251840248,0.454613066504737,0.355082524082297,-0.199616748014173,1.09152400470657,25,0,55,0.0595873899636049,39.3888888888889
381,0.545656530169473,-0.393660977625865,1.7284349429084,0.355082524082297,-0.199616748014173,1.09152400470657,24,0,100,0.0637127173386787,0.111111111111111
220,0.44482158695024,0.530681032922333,-0.275882230352222,0.356539494764708,0.4224706021811,-0.230569120685302,35,0,60,0.0624543254729286,3.94444444444444
220,0.266789373269631,-0.031173410191677,0.0661602595097968,0.356539494764708,0.4224706021811,-0.230569120685302,33,1,90,0.0967076967066316,20.5555555555556
220,0.358007524074254,0.767904183812644,-0.481985391213482,0.356539494764708,0.4224706021811,-0.230569120685302,23,0,100,0.0781147435720487,0.888888888888889
241,-0.0982209382511814,-0.925476174327009,0.562365339649121,0.368556469099142,0.0448145426528405,0.783996522874266,22,1,100,0.0901360754989838,0.666666666666667
241,0.835333876449466,1.01510525963269,1.00562770609941,0.368556469099142,0.0448145426528405,0.783996522874266,31,0,100,0.0583950936877717,0.0555555555555555
290,0.591347996307682,0.937270892637404,-0.261373875432895,0.369392548978271,0.953044193179627,-0.36886886897657,32,1,-20,0.0833381392629932,6.72222222222222
290,0.147437101648861,0.968817493721849,-0.476363862520246,0.369392548978271,0.953044193179627,-0.36886886897657,35,1,75,0.0716366290283789,0.5
140,0.198503158655918,-0.119627338945388,0.214817316006374,0.371217619824916,-0.0880267393640914,0.428792457383695,33,1,80,0.0766453526280003,0.277777777777778
140,0.543932080993914,-0.0564261397827949,0.642767598761017,0.371217619824916,-0.0880267393640914,0.428792457383695,32,1,80,0.0781961930115645,0.611111111111111
244,0.579530604599551,0.97736262853976,-0.521330976053407,0.37405493020562,0.471632475501708,-0.0736232117941291,28,1,90,0.0707513200413737,0.333333333333333
244,0.295178468734268,-0.0852973711419105,0.0947625290085916,0.37405493020562,0.471632475501708,-0.0736232117941291,28,1,65,0.0973700043180762,3.05555555555556
244,0.247455717283042,0.522832169107273,0.205698811662428,0.37405493020562,0.471632475501708,-0.0736232117941291,26,1,60,0.145923267433829,0
301,0.250796122146117,0.371858112562234,-0.0991300714577426,0.377238299192582,0.0737280626648345,0.344730387220021,28,1,55,0.11053880778053,10.5
301,0.0726825616971495,-0.212548308108435,0.477638827747995,0.377238299192582,0.0737280626648345,0.344730387220021,22,0,90,0.100819275575125,37.1111111111111
301,0.186135995378994,-0.263450507534816,0.311006293024978,0.377238299192582,0.0737280626648345,0.344730387220021,22,0,65,0.0857493244237937,17.5
301,0.999338517548069,0.399052953740355,0.689406499564852,0.377238299192582,0.0737280626648345,0.344730387220021,25,0,90,0.0730712766403994,15
309,0.384239961885617,1.03633196313461,0.0664861568072039,0.384239961885617,1.03633196313461,0.0664861568072039,28,1,65,0.0800898702516441,10.0555555555556
92,0.45015957732966,0.521862617235366,0.322514896532895,0.3979997455046,0.462958379138178,-0.15914459071294,28,0,-30,0.0535740155223982,5.22222222222222
92,0.0543161386271407,-0.021347571986994,-0.600187285867212,0.3979997455046,0.462958379138178,-0.15914459071294,22,1,80,0.0830075504443105,2.72222222222222
92,0.689523520556999,0.888360092166163,-0.199761382804502,0.3979997455046,0.462958379138178,-0.15914459071294,23,0,-70,0.0706020883276503,1.72222222222222
225,0.87459771344472,1.55768121946403,-0.367956225883757,0.403601896294482,0.850830677309074,-0.379514754905908,22,0,-80,0.0840591537183392,0.666666666666667
225,-0.0673939208557562,0.143980135154118,-0.391073283928059,0.403601896294482,0.850830677309074,-0.379514754905908,25,0,90,0.0876686909320472,0.0555555555555555
198,0.403920682611723,-0.389522697314941,0.179230415379814,0.403920682611723,-0.389522697314941,0.179230415379814,23,0,100,0.122363600675463,16.7777777777778
133,0.753210095047899,0.85878901139574,-0.221052093400272,0.434037377873755,0.450868113553956,-0.298849789792554,29,0,95,0.0714947517087228,31.5
133,0.11486466069961,0.0429472157121728,-0.376647486184836,0.434037377873755,0.450868113553956,-0.298849789792554,26,0,80,0.1249940648434,3.88888888888889
138,0.453829883599472,0.504550666038552,-0.20385207062954,0.453829883599472,0.504550666038552,-0.20385207062954,26,0,75,0.0859927097038361,0.222222222222222
88,0.583178840973336,1.29046277012672,0.274079774504994,0.454062997050065,0.807962508082875,-0.0607066627378483,35,0,60,0.118137116898745,6
88,0.22135643680338,0.50606703326548,-0.239930779787044,0.454062997050065,0.807962508082875,-0.0607066627378483,33,0,60,0.102987211090583,19.7222222222222
88,0.557653713373479,0.627357720856425,-0.216268982931495,0.454062997050065,0.807962508082875,-0.0607066627378483,33,1,75,0.0940947697866712,16.0555555555556
170,0.455154170387036,0.759107566054261,0.0382238759859733,0.455154170387036,0.759107566054261,0.0382238759859733,22,0,95,0.106493680419324,15.2222222222222
351,0.459044913528308,1.49151272416693,0.996937817987996,0.459044913528308,1.49151272416693,0.996937817987996,23,1,70,0.0595261761072327,9.66666666666667
6,0.388858979193444,-0.643173416656482,0.459425278926954,0.460922296660099,-0.591701613663937,0.535868758595271,27,0,-75,0.0765866104440492,1.16666666666667
6,0.532985614126754,-0.540229810671392,0.612312238263587,0.460922296660099,-0.591701613663937,0.535868758595271,35,1,90,0.0630967408897917,5.55555555555556
236,0.441878768805675,0.4413133739229,-0.409794528940241,0.467211806348528,0.46223701613839,0.00555539763866517,28,0,80,0.0635979881422596,0
236,0.908845611373395,1.02133012562645,0.396720271906418,0.467211806348528,0.46223701613839,0.00555539763866517,22,1,55,0.076069134611921,0
236,0.0509110388665145,-0.0759324511341806,0.0297404499498185,0.467211806348528,0.46223701613839,0.00555539763866517,31,0,55,0.104689587676946,3.05555555555556
191,-0.229593887790175,-0.721419322266474,-0.10157326259173,0.468725820869828,0.114824340041042,-0.0336128275441606,34,1,85,0.0911651774715665,1.22222222222222
191,1.16704552952983,0.951068002348558,0.0343476075034087,0.468725820869828,0.114824340041042,-0.0336128275441606,28,0,100,0.0674707428224994,5.38888888888889
171,-0.627556025552234,-0.220046329917301,-0.059432229729379,0.489999603244335,0.709548624064825,0.314759879642029,31,0,100,0.0996963470291281,3.27777777777778
171,0.756384369024018,0.560548352805036,0.405385574052511,0.489999603244335,0.709548624064825,0.314759879642029,24,0,40,0.0565417979214767,3.44444444444444
171,1.34117046626122,1.78814384930674,0.598326294602956,0.489999603244335,0.709548624064825,0.314759879642029,34,0,65,0.0587964691459671,0.0555555555555555
210,0.736336744629422,0.952346688759139,-0.343762404215088,0.494222804936697,0.335416312937584,-0.264689969895813,31,0,70,0.0639905573094492,15.4444444444444
210,0.252108865243971,-0.28151406288397,-0.185617535576537,0.494222804936697,0.335416312937584,-0.264689969895813,33,1,80,0.0759204209339139,13.0555555555556
187,0.179031109826683,0.456775806648152,-0.509979947775106,0.499857321913775,0.755099018225926,-0.286916482790668,30,1,-80,0.0636069612421043,0.888888888888889
187,0.820683534000868,1.0534222298037,-0.0638530178062297,0.499857321913775,0.755099018225926,-0.286916482790668,31,1,-35,0.0786694787618403,0.444444444444444
139,0.403364282683966,-0.290078616150533,0.164683114402495,0.507579531679631,0.127036014185905,0.305360181939556,25,1,80,0.0909823245077623,0.5
139,0.611794780675295,0.544150644522343,0.446037249476618,0.507579531679631,0.127036014185905,0.305360181939556,32,1,35,0.0896979074956124,1.72222222222222
224,0.512003837203279,0.612897926851473,-0.363926556360853,0.512003837203279,0.612897926851473,-0.363926556360853,29,1,50,0.0502626968862331,10.1666666666667
9,0.512631543015482,1.47120415082204,-0.654020809735547,0.512631543015482,1.47120415082204,-0.654020809735547,26,1,80,0.0558524362130461,6.27777777777778
300,1.04497079181684,0.363403795583411,1.19021614519189,0.514925517469359,0.067452895121115,0.392122903922511,32,1,65,0.108190511479792,3.11111111111111
300,-0.0151197568781215,-0.228498005341181,-0.405970337346868,0.514925517469359,0.067452895121115,0.392122903922511,28,0,90,0.0885731634719091,0.388888888888889
10,0.955675528238559,0.493959704521476,0.632223222697021,0.516909196436782,0.267650583549566,0.0953316585348683,32,1,95,0.0728898873809158,3.66666666666667
10,0.323579156060038,0.562183607173109,-0.565637593454177,0.516909196436782,0.267650583549566,0.0953316585348683,28,0,60,0.0638710599682252,8.61111111111111
10,0.510180775902338,-0.24809523117945,0.59944061666861,0.516909196436782,0.267650583549566,0.0953316585348683,27,1,80,0.0976888503887955,0.444444444444444
10,0.278201325546192,0.26255425368313,-0.284699611771981,0.516909196436782,0.267650583549566,0.0953316585348683,32,0,100,0.0668189168212362,4.66666666666667
40,0.517489789821845,-0.0235474517921162,0.497529137911701,0.517489789821845,-0.0235474517921162,0.497529137911701,22,1,90,0.0660543060086747,2.22222222222222
312,0.490923091170206,1.05721865133567,-0.419118038726278,0.520505724428335,1.45580615513803,-0.624071508104709,34,1,35,0.0821741235503417,6.88888888888889
312,0.550088357686463,1.85439365894038,-0.829024977483141,0.520505724428335,1.45580615513803,-0.624071508104709,28,1,95,0.0585870871338692,13.4444444444444
207,0.525296028763133,0.008336170264625,0.522246607285817,0.525296028763133,0.008336170264625,0.522246607285817,33,0,100,0.0625203391461276,3.61111111111111
90,0.819320794892885,0.59715401929167,0.789630583430571,0.530528787150925,0.9586933343075,0.329057609673999,33,1,100,0.0568484248143762,0.722222222222222
90,0.216884648926755,1.10606839205368,0.397899028777018,0.530528787150925,0.9586933343075,0.329057609673999,33,1,90,0.0681034476234839,7.77777777777778
90,0.555380917633134,1.17285759157715,-0.200356783185592,0.530528787150925,0.9586933343075,0.329057609673999,27,1,80,0.0776366031745772,21.0555555555556
376,0.534519232507334,0.218506026114178,0.733143851880277,0.534519232507334,0.218506026114178,0.733143851880277,34,1,80,0.0775112825512552,3.55555555555556
286,0.773699419804645,0.59348792252763,0.239913902260105,0.537200007797232,0.476419953382062,0.545485313722399,35,0,65,0.0640263870466826,0.222222222222222
286,0.599119422127032,1.23759007074796,0.0126662323226834,0.537200007797232,0.476419953382062,0.545485313722399,29,1,65,0.046990318276097,0.0555555555555555
286,0.862754431425103,0.843388910151168,0.749802271357446,0.537200007797232,0.476419953382062,0.545485313722399,34,0,85,0.0973437477731962,1.05555555555556
286,-0.0867732421678534,-0.768787089898509,1.17955884894936,0.537200007797232,0.476419953382062,0.545485313722399,33,0,65,0.0526306689812186,1.44444444444444
46,-0.107832832794038,0.716996855573026,-0.718089222896084,0.538358438620003,0.567213545224484,0.0267728841468937,25,1,90,0.0714763593950514,13.3888888888889
46,0.615806721249547,0.204627715555837,0.642989460569993,0.538358438620003,0.567213545224484,0.0267728841468937,26,1,80,0.0657968043785244,9.05555555555556
46,1.1071014274045,0.780016064544588,0.155418414766772,0.538358438620003,0.567213545224484,0.0267728841468937,23,0,95,0.0709043127680076,4.5
149,0.538577095680107,1.08503183504727,-0.290382267858097,0.547156756951229,1.05515640342486,0.235886045452742,32,0,95,0.0708659161421421,14
149,0.55573641822235,1.02528097180245,0.762154358763581,0.547156756951229,1.05515640342486,0.235886045452742,23,1,90,0.0597878448335899,0.277777777777778
17,0.406811758548778,-0.580246136629432,0.556936091138704,0.560557568170553,-0.285142234885049,0.855526088252982,26,0,100,0.0749778844792184,1.33333333333333
17,0.714303377792328,0.0099616668593334,1.15411608536726,0.560557568170553,-0.285142234885049,0.855526088252982,35,0,75,0.0565964410838068,0.555555555555556
102,0.563684089488938,-0.0295369424874554,1.0709032986882,0.563684089488938,-0.0295369424874554,1.0709032986882,28,1,65,0.0958856233530596,0.277777777777778
20,1.23339838921196,1.64843397954673,0.599516266723301,0.567475730416131,0.866733644742269,0.618502574005566,29,0,90,0.0556485595673591,7.72222222222222
20,0.951595011112452,1.13810808261499,0.656031354867189,0.567475730416131,0.866733644742269,0.618502574005566,26,1,70,0.0710188163572885,0
20,0.358829670774572,1.16302516711411,0.548668003563129,0.567475730416131,0.866733644742269,0.618502574005566,29,0,90,0.0938985033186612,0.166666666666667
20,-0.273920149434462,-0.482632650306754,0.669794670868643,0.567475730416131,0.866733644742269,0.618502574005566,26,0,85,0.124410071398219,0.833333333333333
313,0.571116783497469,0.836867368651872,-0.55337567469468,0.571116783497469,0.836867368651872,-0.55337567469468,23,1,70,0.0715597031688026,0.833333333333333
86,0.325937859412014,-0.497747632939327,-0.481712203919937,0.584417407194572,-0.096529351084226,-0.225970372788706,31,1,85,0.0593467789630773,6.27777777777778
86,0.842896954977131,0.304688930770875,0.0297714583425243,0.584417407194572,-0.096529351084226,-0.225970372788706,30,0,80,0.0870497226454264,13.7777777777778
372,0.588682536785496,0.298383626686767,2.05931280687587,0.588682536785496,0.298383626686767,2.05931280687587,24,0,70,0.0642152829728044,3
64,0.537828439187445,0.404935367458675,-0.0353097180795202,0.597314113072938,0.380952228696158,-0.0677353628534776,25,1,80,0.0855740655347547,1.11111111111111
64,0.65679978695843,0.35696908993364,-0.100161007627435,0.597314113072938,0.380952228696158,-0.0677353628534776,32,0,60,0.100368688392113,1.88888888888889
264,0.602681183730069,0.168354747063635,0.178575001434706,0.602681183730069,0.168354747063635,0.178575001434706,30,1,-35,0.0901138893610081,11.6111111111111
311,0.613198200101314,0.954646554157246,0.755170793998053,0.613198200101314,0.954646554157246,0.755170793998053,27,1,100,0.0908345618203382,0.388888888888889
34,0.596837694385619,0.625513271551988,0.898460693833865,0.614923290413509,0.209198914292772,1.68272553201043,32,1,40,0.0551350140871364,8.94444444444444
34,0.837479436363808,-0.0866898685832904,2.26895790310785,0.614923290413509,0.209198914292772,1.68272553201043,25,0,85,0.0700714625980327,1.27777777777778
34,0.410452740491099,0.0887733399096181,1.88075799908956,0.614923290413509,0.209198914292772,1.68272553201043,27,0,100,0.0711599670238671,0.111111111111111
255,0.62016149628335,0.856937730131206,0.762591265631359,0.62016149628335,0.856937730131206,0.762591265631359,28,1,-5,0.101098557953667,0.166666666666667
89,0.31839552783603,-0.103898308933173,0.312970448194871,0.62939381490122,0.361242904030817,0.104451894523639,23,0,100,0.0866483654662221,0.222222222222222
89,0.940392101966411,0.826384116994807,-0.104066659147593,0.62939381490122,0.361242904030817,0.104451894523639,23,0,85,0.0621072330698265,0.944444444444444
2,-0.0771718014963792,-0.207198500365703,1.60276983108595,0.632262609898805,0.28156922237868,1.12377585171552,32,1,55,0.108484748368344,4.16666666666667
2,0.449921365976404,0.319334170902877,0.722645261140732,0.632262609898805,0.28156922237868,1.12377585171552,30,0,70,0.0567088641869041,15.3888888888889
2,1.52403826521639,0.732571996598866,1.04591246291988,0.632262609898805,0.28156922237868,1.12377585171552,29,1,65,0.0943858378197565,8.22222222222222
182,0.650526502811628,0.146650486624663,-0.110842758108211,0.63698142557466,0.123604048375594,0.318492769570636,27,1,35,0.0651801801463332,0.666666666666667
182,0.523842133660757,-0.104059663649217,0.201919761002687,0.63698142557466,0.123604048375594,0.318492769570636,26,0,75,0.0643132853261776,3.61111111111111
182,-0.0071588190740468,-0.45113128452432,0.42754160912402,0.63698142557466,0.123604048375594,0.318492769570636,27,0,-20,0.0715384154433531,5.16666666666667
182,1.3807158849003,0.902956655051251,0.75535246626405,0.63698142557466,0.123604048375594,0.318492769570636,28,0,95,0.0955355145558423,0.722222222222222
294,0.988597434586514,1.38111934074985,-0.137002579743915,0.643948788974076,0.813157323189637,0.107385051568905,29,1,90,0.0510942679748821,4.72222222222222
294,0.299300143361638,0.245195305629423,0.351772682881725,0.643948788974076,0.813157323189637,0.107385051568905,26,1,80,0.126801409174139,6.27777777777778
45,0.648782824045132,0.132361636458763,-0.050779895797334,0.648782824045132,0.132361636458763,-0.050779895797334,34,1,70,0.102835522679348,0.111111111111111
307,0.3003232979735,-0.333532097495818,-0.148318775480829,0.67135926017672,-0.0516589273689455,0.132871435081132,24,1,70,0.0883467308225002,0.111111111111111
307,1.04239522237994,0.230214242757927,0.414061645643092,0.67135926017672,-0.0516589273689455,0.132871435081132,29,1,45,0.0817482324152902,28.3888888888889
314,0.679420100106014,1.14497193422698,-0.009432487271028,0.671455961717863,0.531783056997675,0.30745678269535,28,0,65,0.0734677657319932,16.7222222222222
314,1.00559635431746,0.590547985613742,0.828037966878525,0.671455961717863,0.531783056997675,0.30745678269535,35,1,75,0.0629322810791313,5.66666666666667
314,0.329351430730114,-0.140170748847696,0.103764868478552,0.671455961717863,0.531783056997675,0.30745678269535,30,1,80,0.0884092755126972,3.88888888888889
214,1.10341816212245,0.742609454143361,1.67445412233608,0.672442154395678,0.31883359694962,1.10840041030204,23,0,100,0.0646235685212883,12.7222222222222
214,0.260345320981252,-0.446775337007331,1.00331818876684,0.672442154395678,0.31883359694962,1.10840041030204,30,0,100,0.0805416420487371,3.72222222222222
214,0.653562980083332,0.66066667371283,0.647428919803209,0.672442154395678,0.31883359694962,1.10840041030204,26,0,-40,0.0557245104232743,11.7222222222222
287,0.674610808626132,0.0787944530291445,-0.511032019443821,0.674610808626132,0.0787944530291445,-0.511032019443821,33,0,90,0.0860226535797883,10.4444444444444
392,0.682359903487641,0.569890751063679,-0.0524558965031622,0.682359903487641,0.569890751063679,-0.0524558965031622,28,1,95,0.103899158764932,1.5
39,0.547067795718711,-0.336756382068743,0.917581754747668,0.686874749428718,0.107165593553778,0.86358746349921,30,0,40,0.0875590078663452,4.88888888888889
39,0.826681703138725,0.551087569176299,0.809593172250753,0.686874749428718,0.107165593553778,0.86358746349921,34,1,45,0.0537585236166094,0.555555555555556
123,0.862004408021572,0.0984922162427253,0.833453451377051,0.713703082842178,0.0619748654893018,0.403846204274447,34,1,65,0.0952880672116772,0.277777777777778
123,0.924068656414142,0.626445374438817,0.196281574693178,0.713703082842178,0.0619748654893018,0.403846204274447,35,0,85,0.0803180634325349,7.44444444444444
123,0.355036184090819,-0.539012994213637,0.181803586753111,0.713703082842178,0.0619748654893018,0.403846204274447,22,0,90,0.109541636442629,1.27777777777778
276,0.377955271094794,-0.0108028454118211,0.593797882499442,0.716851250011662,0.506745032256359,1.35734648619761,24,1,60,0.0778531314252888,4.88888888888889
276,1.05574722892853,1.02429290992454,2.12089508989578,0.716851250011662,0.506745032256359,1.35734648619761,29,1,70,0.10448651903329,0.777777777777778
342,0.202559954595695,0.536983631417392,-1.28465419484019,0.725779496481457,0.804782202565786,-0.267954219046133,24,0,25,0.0813712112004048,3.77777777777778
342,1.24899903836722,1.07258077371418,0.748745756747924,0.725779496481457,0.804782202565786,-0.267954219046133,24,0,95,0.0776831790858406,13.3888888888889
87,1.4052574982392,1.19349560549176,0.558008621933049,0.725866729150232,0.23349840522738,-0.176024323278897,25,1,60,0.106874703010217,0.666666666666667
87,0.501519122485094,0.176629849462663,-0.374425212950429,0.725866729150232,0.23349840522738,-0.176024323278897,33,1,40,0.096722756010396,8.66666666666667
87,0.270823566726403,-0.669630239272282,-0.711656378819311,0.725866729150232,0.23349840522738,-0.176024323278897,26,1,85,0.103978862320396,0.5
184,0.492927079213954,0.361578274894795,0.207434008500571,0.726265576663651,0.606475199787816,0.287425768356618,34,0,65,0.090626164431799,1.05555555555556
184,0.85074433407424,1.07848378420031,0.933137619060478,0.726265576663651,0.606475199787816,0.287425768356618,30,1,-60,0.0581848378355261,5.33333333333333
184,0.83512531670276,0.379363540268342,-0.278294322491196,0.726265576663651,0.606475199787816,0.287425768356618,24,0,90,0.0972254131531012,0.666666666666667
268,0.729249643646772,0.629410353150631,-0.107061584835636,0.729249643646772,0.629410353150631,-0.107061584835636,35,1,15,0.0557561766163113,5.66666666666667
95,1.26729537185837,0.205990086945135,0.595041200793719,0.764789523760606,-0.0145638578122023,0.273004431347323,30,1,90,0.0646395836011862,17.6111111111111
95,0.859426160835445,0.327943389911207,0.263534230077266,0.764789523760606,-0.0145638578122023,0.273004431347323,27,1,95,0.0762756229979026,0.0555555555555555
95,0.167647038588003,-0.577625050292949,-0.0395621368290157,0.764789523760606,-0.0145638578122023,0.273004431347323,24,0,90,0.0681042676168546,2.38888888888889
196,0.818440681712908,1.94586200915298,0.0052294540501448,0.789784846861036,1.51804495586904,0.310502526730725,26,1,70,0.0657073309174498,6.27777777777778
196,0.881584162894074,1.08803538974447,0.307920849796204,0.789784846861036,1.51804495586904,0.310502526730725,23,0,80,0.0654442983770062,1.44444444444444
196,0.669329695976125,1.52023746870968,0.618357276345825,0.789784846861036,1.51804495586904,0.310502526730725,30,0,80,0.0982605595146001,0.388888888888889
251,0.0250313572381616,0.397107991962166,-0.0811257969852573,0.792822374165656,0.999815821379605,-0.357970117306587,35,1,-50,0.0524626164972624,0.333333333333333
251,0.693974652368236,1.07801748232902,-1.21771903281962,0.792822374165656,0.999815821379605,-0.357970117306587,22,1,70,0.105042491010676,1.94444444444444
251,1.65946111289057,1.52432198984763,0.224934477885117,0.792822374165656,0.999815821379605,-0.357970117306587,29,1,15,0.0479980729168181,10.2222222222222
56,0.756903389050882,0.341209774838216,0.957213164641513,0.800880305350022,0.31588611689607,0.917907310274742,32,0,65,0.0795470267542336,9.05555555555556
56,0.844857221649161,0.290562458953924,0.878601455907971,0.800880305350022,0.31588611689607,0.917907310274742,24,0,75,0.0833487521933133,2.61111111111111
318,0.808830737976451,0.835869747543733,0.275794324788058,0.808830737976451,0.835869747543733,0.275794324788058,30,0,100,0.0685575011311655,0.666666666666667
145,1.01845282735572,0.426303836937064,0.460472962246748,0.813327224235775,1.15683720629508,0.148658001137354,29,0,65,0.0775326627421483,32.7222222222222
145,0.4702689339851,0.668405592313787,-0.782879463290794,0.813327224235775,1.15683720629508,0.148658001137354,26,1,100,0.132549664885886,0.111111111111111
145,0.847630993589551,1.69735611351864,0.293664084448647,0.813327224235775,1.15683720629508,0.148658001137354,33,0,20,0.074282248909674,10.7222222222222
145,0.91695614201273,1.83528328241082,0.623374421144815,0.813327224235775,1.15683720629508,0.148658001137354,28,1,100,0.0702133362555959,1.16666666666667
257,0.538824854851223,1.04605714420776,0.241715146946684,0.822520621775457,0.685595754584103,0.57827012107604,26,0,80,0.0644982965979209,2.72222222222222
257,0.605530893075154,0.624305360668388,0.472054052489996,0.822520621775457,0.685595754584103,0.57827012107604,27,1,85,0.0896326357863898,2.44444444444444
257,0.919021228695611,0.353785566590586,0.668181748274149,0.822520621775457,0.685595754584103,0.57827012107604,32,1,-75,0.0826196293857747,7.88888888888889
257,1.22670551047984,0.718234946869678,0.93112953659333,0.822520621775457,0.685595754584103,0.57827012107604,25,1,60,0.116998083843532,8.55555555555556
166,0.830058555730058,0.186239315210211,0.127598251678272,0.830058555730058,0.186239315210211,0.127598251678272,22,0,95,0.0957501584265096,5
239,0.213953513348931,0.606797180548578,-0.494998713769986,0.831470022137674,0.84974118229246,0.163294810330938,32,1,55,0.0763871846801525,0.833333333333333
239,1.12325390188061,1.25736574331035,1.05356547219995,0.831470022137674,0.84974118229246,0.163294810330938,32,1,85,0.0653531386083915,12.6666666666667
239,1.15720265118348,0.685060623018452,-0.0686823274371501,0.831470022137674,0.84974118229246,0.163294810330938,32,1,70,0.0563658752696847,22.1111111111111
341,0.842590522481686,-0.059330839004866,0.839182872770455,0.842590522481686,-0.059330839004866,0.839182872770455,28,1,100,0.0985367054457765,0.444444444444444
388,0.843513002013905,-0.106069193123915,0.572353599992421,0.843513002013905,-0.106069193123915,0.572353599992421,27,0,80,0.0840301642907513,0.111111111111111
160,0.854415935119818,0.866637902843565,0.839455817100223,0.846405001601022,0.60638892244299,0.751473076596849,34,0,90,0.0592333809425356,0.388888888888889
160,0.838394068082227,0.346139942042416,0.663490336093475,0.846405001601022,0.60638892244299,0.751473076596849,33,0,85,0.0876287058409619,4.22222222222222
330,0.84818398114034,-0.338563698681166,1.04166882699702,0.84818398114034,-0.338563698681166,1.04166882699702,29,0,95,0.0613463304329804,2.88888888888889
209,0.422066396870073,-0.156605692690574,-0.133785418594522,0.850668790758417,0.603067947102938,0.303268357330524,25,0,40,0.0630548912296115,3.94444444444444
209,1.27927118464676,1.36274158689645,0.74032213325557,0.850668790758417,0.603067947102938,0.303268357330524,22,1,80,0.057832610037936,0.611111111111111
134,1.03916248746915,1.02647049024999,1.03993775599011,0.854898591369045,0.942652765028875,0.869353223418681,29,1,60,0.0636560163515694,1.38888888888889
134,0.67063469526894,0.858835039807761,0.698768690847252,0.854898591369045,0.942652765028875,0.869353223418681,31,1,-70,0.0654893349535889,2.33333333333333
259,0.777285549366583,0.0608898305110833,0.821418089482304,0.859511448866405,0.72211627812656,0.510198061895884,31,0,100,0.103160960440791,7.66666666666667
259,0.960713136314666,1.79601332670411,-0.222738134659253,0.859511448866405,0.72211627812656,0.510198061895884,31,1,85,0.0520679236528175,1.94444444444444
259,0.840535660917967,0.309445677164488,0.9319142308646,0.859511448866405,0.72211627812656,0.510198061895884,34,1,70,0.0638076745907833,10.7777777777778
269,1.0428493574152,1.06281303349163,0.0185780351574566,0.860990470733317,0.873770146818209,-0.0186460611042319,25,0,75,0.066945850770429,0.277777777777778
269,0.812808921298955,0.703745668860264,0.0870925646105927,0.860990470733317,0.873770146818209,-0.0186460611042319,27,0,100,0.0534933799979213,0.0555555555555555
269,0.727313133485795,0.854751738102734,-0.161608783080745,0.860990470733317,0.873770146818209,-0.0186460611042319,26,0,95,0.0522610699975237,0.388888888888889
185,0.862847398790333,0.759148183062199,-0.0549664746512101,0.862847398790333,0.759148183062199,-0.0549664746512101,34,1,60,0.0469496623131691,13.6666666666667
125,1.07157012871701,0.454612002965276,0.753763062207157,0.883198077410472,0.586930573925206,0.922468992834135,30,1,80,0.117808113619079,11.3888888888889
125,1.22665027774056,0.646787255453217,2.40814039162531,0.883198077410472,0.586930573925206,0.922468992834135,33,1,85,0.0645795199438478,0.0555555555555555
125,0.828781351717091,0.436841213033522,0.224985382352717,0.883198077410472,0.586930573925206,0.922468992834135,31,0,70,0.0847104198927271,2.83333333333333
125,0.405790551467227,0.809481824248809,0.302987135151355,0.883198077410472,0.586930573925206,0.922468992834135,32,0,95,0.0653072615009945,8.33333333333333
270,0.413551669180967,0.59550011860082,0.576651625911147,0.894896295954856,0.90931216854685,0.566986766584043,25,1,90,0.0430394928841007,4.72222222222222
270,1.29372255662129,1.3219446563749,0.87472455941307,0.894896295954856,0.90931216854685,0.566986766584043,26,1,70,0.0825747291624747,17.2222222222222
270,0.97741466206231,0.810491730664829,0.249584114427912,0.894896295954856,0.90931216854685,0.566986766584043,29,1,-65,0.0961061613177004,0.222222222222222
279,0.643071927967681,0.576901233775344,0.680397938369023,0.902058360291141,0.404454453007919,1.21243870210747,22,1,75,0.0579824639707451,0.944444444444444
279,1.1610447926146,0.232007672240495,1.74447946584591,0.902058360291141,0.404454453007919,1.21243870210747,25,0,90,0.0882762010993141,3
230,0.852739005813607,0.779018922790951,-0.0388811188183771,0.911302770363354,0.561786503755673,0.350596695048211,27,0,70,0.0755020363435997,0.333333333333333
230,0.9698665349131,0.344554084720394,0.740074508914799,0.911302770363354,0.561786503755673,0.350596695048211,22,1,55,0.0740295453910007,8.66666666666667
253,0.931258779942626,0.304278336278734,0.384307168365119,0.931258779942626,0.304278336278734,0.384307168365119,27,0,40,0.0869018012887336,1.22222222222222
57,1.42372062148301,1.1280590445019,0.377215968347793,0.936761680951347,0.70840407673143,0.654581685006039,22,0,100,0.0782128328978421,0.777777777777778
57,0.14543188370571,-0.0477931717435099,0.568759791519433,0.936761680951347,0.70840407673143,0.654581685006039,32,0,-80,0.0693950379673244,1
57,1.24113253766532,1.0449463574359,1.01776929515089,0.936761680951347,0.70840407673143,0.654581685006039,33,0,100,0.0836527235987411,0.888888888888889
248,0.803123278314434,0.798109455734686,1.41619439759773,0.939983038667827,0.924550128099203,1.27295026296821,33,0,90,0.103167912079645,0.0555555555555555
248,1.07684279902122,1.05099080046372,1.12970612833868,0.939983038667827,0.924550128099203,1.27295026296821,31,1,10,0.0898781969271762,4.61111111111111
361,0.814495866025179,0.525851944392702,0.452522050054682,0.948053603453784,0.76083234226265,0.406604278027549,23,1,60,0.0726893040247073,2
361,1.08161134088239,0.995812740132597,0.360686506000416,0.948053603453784,0.76083234226265,0.406604278027549,22,1,55,0.0670070357011539,21.1111111111111
157,0.71564390579296,0.942028621056841,0.283224140248807,0.951873644208915,0.817657008521726,0.393596794222299,24,0,80,0.0676968726000255,7.05555555555556
157,1.18810338262487,0.69328539598661,0.503969448195791,0.951873644208915,0.817657008521726,0.393596794222299,23,0,-40,0.0556841470566624,5.27777777777778
165,1.01965636823682,1.95399877513322,0.361779557754573,0.986464132482726,1.61587074769088,0.35159127931474,26,1,75,0.0908299433329534,25.1111111111111
165,0.953271896728632,1.27774272024855,0.341403000874907,0.986464132482726,1.61587074769088,0.35159127931474,29,1,-40,0.0841906753626807,4.22222222222222
362,1.01381379140488,0.610274061686827,0.79086019428876,1.01381379140488,0.610274061686827,0.79086019428876,33,1,-55,0.0818269730632941,0.5
70,0.869797813835172,0.992955113813547,0.82669953996715,1.0162158040816,0.457316112407693,1.15964145857656,32,0,85,0.0807622991357057,8.44444444444444
70,0.826177805577226,0.268368957953295,1.45042025256156,1.0162158040816,0.457316112407693,1.15964145857656,30,0,80,0.0814767547910144,0.277777777777778
70,0.743020959828194,0.142628594012734,0.672049482155229,1.0162158040816,0.457316112407693,1.15964145857656,33,1,85,0.0867994323781438,1.55555555555556
70,1.6258666370858,0.425311783851196,1.68939655962229,1.0162158040816,0.457316112407693,1.15964145857656,33,0,85,0.0690260054549421,0.833333333333333
348,1.03359167153447,1.28440457857848,-0.0084767471060087,1.03359167153447,1.28440457857848,-0.0084767471060087,27,1,-55,0.0755569065389665,1.83333333333333
36,1.58335855110499,0.709487356797676,1.93615642020158,1.05406643581394,0.831848238059741,1.10394112182492,34,0,90,0.11376796736792,0.444444444444444
36,0.524774320522882,0.954209119321805,0.271725823448257,1.05406643581394,0.831848238059741,1.10394112182492,36,1,100,0.0994020484221065,12.3333333333333
141,1.11426047392823,1.13984109287334,0.803177874204331,1.06238306969257,0.473619926961726,1.07953432072632,29,1,80,0.0776704796637188,0.388888888888889
141,1.44416703488486,0.606042536877362,1.59314404128514,1.06238306969257,0.473619926961726,1.07953432072632,29,1,80,0.0965514223708063,1.61111111111111
141,0.521121633172627,-0.673665550497176,0.53685944551276,1.06238306969257,0.473619926961726,1.07953432072632,25,1,55,0.0667900588166009,0.111111111111111
141,1.16998313678457,0.822261628593376,1.38495592190303,1.06238306969257,0.473619926961726,1.07953432072632,33,1,100,0.0615989796700254,2.61111111111111
167,0.988694191584937,0.776465748337638,0.822780855307352,1.06694635110874,0.733057438169629,1.00115025452456,29,1,85,0.0692687647554186,16.6111111111111
167,1.14519851063254,0.68964912800162,1.17951965374177,1.06694635110874,0.733057438169629,1.00115025452456,35,0,100,0.0666142403757874,30.2777777777778
155,0.87613092424683,1.21294043248097,0.598142759192423,1.08486206061544,0.636793971635503,0.777469319583093,32,1,65,0.0915722129957761,0.111111111111111
155,0.664499573202721,-0.193597531572549,1.01408077741991,1.08486206061544,0.636793971635503,0.777469319583093,24,1,65,0.0705119851683911,9.33333333333333
155,1.90278221776357,1.72279131422656,1.30248720454373,1.08486206061544,0.636793971635503,0.777469319583093,23,1,80,0.0628108134214526,0.5
155,0.896035527248644,-0.19495832859297,0.195166537176307,1.08486206061544,0.636793971635503,0.777469319583093,33,1,80,0.0919548750889882,1.44444444444444
384,1.0890536305316,0.532406643139181,1.50191260734628,1.0890536305316,0.532406643139181,1.50191260734628,23,1,-40,0.102331558537218,1.55555555555556
206,0.526367012415563,0.356393071671903,1.57330141566086,1.10526293816693,1.02063200463937,1.73892855293692,30,1,40,0.0721626808322418,1.27777777777778
206,1.6841588639183,1.68487093760684,1.90455569021298,1.10526293816693,1.02063200463937,1.73892855293692,35,0,75,0.0598473059408491,13.1666666666667
204,0.94074529897863,0.439609736904632,0.733542096904638,1.12725437402959,0.735198800136806,0.805114338814313,29,0,70,0.0494743064649936,20.5555555555556
204,1.31376344908054,1.03078786336898,0.876686580723989,1.12725437402959,0.735198800136806,0.805114338814313,30,1,65,0.0953688787530067,0.888888888888889
346,1.15856183624107,-0.349815538411471,0.922908728009261,1.15856183624107,-0.349815538411471,0.922908728009261,30,0,65,0.0621501837800331,0.444444444444444
173,1.00015024638298,1.62584064002751,0.10131306864529,1.16678354841306,1.29196036935264,0.525581736418355,29,1,80,0.0678820524917159,0.277777777777778
173,1.75558090112496,1.97619364571415,0.672142415701568,1.16678354841306,1.29196036935264,0.525581736418355,27,1,80,0.0866661780167854,0.166666666666667
173,0.744619497731253,0.273846822316253,0.803289724908208,1.16678354841306,1.29196036935264,0.525581736418355,24,1,90,0.0691636625846512,7.05555555555556
266,1.22178975369892,1.36971837760298,0.824472023014796,1.17026677315179,1.39468231230279,0.472586459268269,31,0,90,0.0616866418060474,8
266,0.874173939772827,1.25296572245294,0.295453534438258,1.17026677315179,1.39468231230279,0.472586459268269,30,1,85,0.0619382824241909,5.83333333333333
266,1.41483662598363,1.56136283685244,0.297833820351752,1.17026677315179,1.39468231230279,0.472586459268269,26,1,-25,0.0519283594355427,0.5
16,1.3352705187049,1.12115676079745,0.955017577390948,1.19155504183574,1.31898437879659,1.02458272500855,30,0,65,0.053733903917328,9.94444444444444
16,1.04783956496658,1.51681199679572,1.09414787262616,1.19155504183574,1.31898437879659,1.02458272500855,30,0,85,0.0463039525185718,4.05555555555556
340,1.46688620221951,1.66870670915258,1.1933887315768,1.21226984164384,1.15439248326017,1.08064389449941,28,0,75,0.0707127190148332,9.5
340,0.957653481068167,0.640078257367753,0.967899057422025,1.21226984164384,1.15439248326017,1.08064389449941,23,0,75,0.0750156368894002,2.72222222222222
159,1.25353432918593,0.995832100286565,1.11923908541279,1.21262664942254,0.548104263309849,1.02494664443618,31,1,75,0.0503766893551784,0.111111111111111
159,1.17171896965916,0.100376426333132,0.930654203459575,1.21262664942254,0.548104263309849,1.02494664443618,23,1,-80,0.0782446607996111,4.22222222222222
100,1.10445990375192,1.21742592451304,1.16686732055838,1.25012166560969,0.97684500999532,0.929706702615377,30,1,95,0.0757252293394778,2.05555555555556
100,1.39578342746747,0.736264095477599,0.692546084672374,1.25012166560969,0.97684500999532,0.929706702615377,28,1,75,0.0599825227859445,1.72222222222222
65,1.35707451055309,0.363325188350105,1.17610866944501,1.25069225204687,0.773480972563197,0.755754916875007,31,1,90,0.0780446040898721,15.2222222222222
65,1.14430999354065,1.18363675677629,0.335401164305003,1.25069225204687,0.773480972563197,0.755754916875007,25,1,100,0.0555017933097318,2.27777777777778
235,0.82041579013052,1.02784177302662,0.730245571708099,1.30274281169032,1.35911868409661,1.77354278669147,27,0,95,0.0864190776535202,7.66666666666667
235,1.78506983325011,1.69039559516659,2.81684000167485,1.30274281169032,1.35911868409661,1.77354278669147,34,1,75,0.0646448405504917,3.33333333333333
218,1.57540886053733,1.23984728642298,0.755837784455638,1.30678278799447,1.18019709317075,0.738543006668035,32,0,100,0.0782782851346391,0.5
218,1.0381567154516,1.12054689991853,0.721248228880432,1.30678278799447,1.18019709317075,0.738543006668035,33,0,75,0.0491469769736345,0
23,1.65735923928114,1.63329373650677,1.32785863641915,1.32259588590047,1.07877396988008,1.18572217209732,23,0,90,0.0712800716259815,3
23,1.68720856737244,1.1177794326161,1.72797317099907,1.32259588590047,1.07877396988008,1.18572217209732,33,1,85,0.0435026545334042,1.16666666666667
23,0.623219851047824,0.485248740517363,0.501334708873732,1.32259588590047,1.07877396988008,1.18572217209732,31,0,95,0.072250398272099,3.61111111111111
303,1.89205096646435,2.07965754374921,0.808595031527594,1.34645184104862,1.18868671989447,1.08846857754003,30,0,95,0.0579043227214742,1
303,0.800852715632896,0.297715896039729,1.36834212355247,1.34645184104862,1.18868671989447,1.08846857754003,26,1,-40,0.0763511133253179,1.27777777777778
227,1.35700383569251,1.28687193908393,1.22611895290167,1.34932028374066,1.34294080836484,1.23154790291698,29,1,75,0.0641582174795167,8.72222222222222
227,1.13923910561362,1.10344324602676,1.57762427464457,1.34932028374066,1.34294080836484,1.23154790291698,33,0,75,0.0632233760849858,0.0555555555555555
227,1.55171790991584,1.63850723998382,0.890900481204705,1.34932028374066,1.34294080836484,1.23154790291698,35,1,95,0.0799010824738956,8.61111111111111
298,1.66238698870444,-0.145052533082709,2.56703973056209,1.37332996781628,0.458464172447789,1.87702852437565,26,1,80,0.0976754681957667,0.444444444444444
298,1.32086306699938,0.588019091721537,1.70440867842677,1.37332996781628,0.458464172447789,1.87702852437565,25,1,80,0.106612333518361,4.22222222222222
298,1.13673984774503,0.93242595870454,1.35963716413809,1.37332996781628,0.458464172447789,1.87702852437565,26,0,45,0.0900494227159631,0.333333333333333
282,1.0027271242814,0.122878730049641,0.826337058058482,1.40800592462825,0.195622344260018,1.86980010810667,25,1,100,0.0688801526373094,11.5
282,1.81328472497509,0.268365958470394,2.91326315815485,1.40800592462825,0.195622344260018,1.86980010810667,34,1,60,0.0686849476814774,12.8888888888889
148,1.34055175729375,1.00729547854917,1.22550933353424,1.41623550747559,1.328201678976,1.22345694855975,24,0,75,0.0719041605251815,0.0555555555555555
148,1.49191925765743,1.64910787940284,1.22140456358527,1.41623550747559,1.328201678976,1.22345694855975,25,0,90,0.0732247680882503,1.33333333333333
24,1.26413751984187,1.02175357771484,0.4667625931945,1.41698006744168,0.960367583496223,0.789734965806675,35,1,65,0.0546987816814888,8.05555555555556
24,1.56982261504149,0.898981589277605,1.11270733841885,1.41698006744168,0.960367583496223,0.789734965806675,28,1,50,0.0530760671537395,0
51,1.42490059176193,1.03814550829557,1.46539128019094,1.42490059176193,1.03814550829557,1.46539128019094,30,0,40,0.0613825440295036,0
354,1.50886737564393,1.70355051625522,0.470954344654912,1.50886737564393,1.70355051625522,0.470954344654912,27,1,75,0.0777499128315787,0.222222222222222
232,1.51131055326705,0.844648983276091,0.718833380038501,1.51131055326705,0.844648983276091,0.718833380038501,33,0,65,0.110421184880176,0.888888888888889
27,1.52883952478714,1.08209786022382,1.68302335540914,1.55195359882432,1.23693202493468,1.33926021758925,28,1,80,0.0648742461704254,0.666666666666667
27,1.57506767286151,1.39176618964553,0.995497079769361,1.55195359882432,1.23693202493468,1.33926021758925,28,1,90,0.0562702888392552,0.0555555555555555
21,1.14067774362045,0.131557557569109,0.519680264902292,1.59840645225911,0.802477179376864,0.71130316800103,23,0,35,0.0677873246420493,15.1111111111111
21,2.05613516089776,1.47339680118462,0.902926071099769,1.59840645225911,0.802477179376864,0.71130316800103,23,1,80,0.0726553646843006,8.33333333333333
151,1.74262514789937,1.96214351117902,1.9104055051355,1.74398612119411,1.66483365713035,2.19029091796028,26,0,65,0.0781764026618063,4.33333333333333
151,1.74534709448884,1.36752380308167,2.47017633078506,1.74398612119411,1.66483365713035,2.19029091796028,28,0,65,0.084798907814422,3.11111111111111
3,1.83941417867761,1.13527352195839,2.37711420229054,1.76483974858925,0.93162259201257,1.79487930657263,29,1,85,0.107155453391849,13.0555555555556
3,1.39957452485848,0.820483956287229,0.769430407677345,1.76483974858925,0.93162259201257,1.79487930657263,31,1,60,0.0672983680834469,2.11111111111111
3,2.05553054223167,0.83911029779209,2.23809330975002,1.76483974858925,0.93162259201257,1.79487930657263,32,1,80,0.110416576518149,5.16666666666667
81,1.80621925507379,0.660460732439968,1.05143127685588,1.80621925507379,0.660460732439968,1.05143127685588,30,1,25,0.0823251204568665,0.5
228,2.12447983817362,2.16549676591874,2.32002579728885,1.81938088427132,1.49205927243564,1.94189352605431,23,1,65,0.0601191552465018,6
228,1.51428193036902,0.818621778952549,1.56376125481977,1.81938088427132,1.49205927243564,1.94189352605431,24,0,85,0.0911308444822981,1.55555555555556
